DispoCode,Code,Succession,Elephant,VillDist,RoadDist,ParkDist,Park,Succ2,Temp,Prec,PrecDryQt,Elev,SoilPCA1,SoilPCA2
ACDG_P015,DOU_25,Secondaire,Active,2.672220681,46.78941171,64.08122425,0,Sec,25,148.8,0.3,203,0.108533665,1.365842797
ACDG_P016,DOU_26,Primaire,Active,20.61875778,66.60677458,49.91939587,0,Prm,23.3,158,0.4,377,0.108533665,1.365842797
ACDG_P041,MIV_20,Secondaire,Active,4.674063231,3.489027993,13.35371509,0,Exp,24.8,166,0.9,133,0.108533665,1.365842797
ACDG_P052,TCH_04,Exploitee,Active,23.20882695,62.64535954,33.39127026,0,Exp,24.5,151.6,0.4,256,0.108533665,1.365842797
ACDG_P053,TCH_05,Exploitee,Active,20.08061576,60.42937453,30.11273591,0,Exp,24.7,152,0.4,187,0.108533665,1.365842797
ACDG_P055,TCH_27,Primaire,Pas d'indice,17.64155854,37.34862267,20.16472256,0,Exp,24.6,158.3,0.6,164,0.108533665,1.365842797
CAFI_P001,AAC_414,Secondaire,Ancienne piste/pas d'activite,14.16080107,20.85693753,19.92517534,0,Exp,25.7,263.7,4.7,63,0.221918794,1.137765611
CAFI_P002,ABA_042,Secondaire,Ancienne piste/pas d'activite,0.978604551,3.054976837,72.21376229,0,Sec,23.4,177.4,19.1,647,0.247116504,-1.05396485
CAFI_P003,ABA_369,Exploitee,Active,4.960511521,10.41182112,13.74075693,0,Exp,26.1,245.4,3.9,87,0.221918794,1.137765611
CAFI_P005,ABO_309,Secondaire,Pas d'indice,14.92023835,47.30599557,99.94022633,0,Sec,24.4,173.1,8.6,434,0.221918794,1.137765611
CAFI_P006,ABO_441,Primaire,Ancienne piste/pas d'activite,4.072259868,18.02282863,42.88794364,0,Prm,23.9,163.4,11.5,499,-0.092556036,-1.35964361
CAFI_P007,ABO_442,Primaire,Ancienne piste/pas d'activite,3.924377347,18.61647253,41.7758335,0,Prm,23.9,163.4,11.5,498,-0.092556036,-1.35964361
CAFI_P008,ABZ_045,Secondaire,Pas d'indice,1.523558725,4.392700697,94.01228599,0,Sec,23.9,168.8,16.9,587,0.247116504,-1.05396485
CAFI_P009,AKO_418,Secondaire,Active,11.09071556,87.09287666,15.7967902,0,Exp,22.3,234.7,9.6,636,0.108533665,1.365842797
CAFI_P010,AKO_419,Secondaire,Active,3.364637301,82.15182135,11.11980379,0,Exp,22.4,233.7,8.7,616,0.108533665,1.365842797
CAFI_P011,AMO_307,Secondaire,Pas d'indice,0.483186304,12.71941891,92.78784608,0,Sec,24.8,168.6,6.3,374,0.221918794,1.137765611
CAFI_P012,ASC_336,Secondaire,Pas d'indice,11.62427257,11.93040183,12.92372845,0,Exp,25.7,156.4,2.8,264,0.221918794,1.137765611
CAFI_P013,AZO_046,Secondaire,Pas d'indice,2.426526521,25.82778082,59.46809222,0,Exp,23.8,170.8,18.3,604,0.247116504,-1.05396485
CAFI_P014,BBE_047,Secondaire,Pas d'indice,2.397170709,14.5194147,70.88066156,0,Sec,23.9,171.6,18.3,602,0.247116504,-1.05396485
CAFI_P015,BEE_039,Secondaire,Pas d'indice,5.17451831,21.73489111,101.3502712,0,Exp,23.3,183,18,639,0.247116504,-1.05396485
CAFI_P016,BIL_129,Exploitee,Pas d'indice,10.23577311,7.621083333,63.09981428,0,Exp,24.7,195.6,1.6,402,-10.10242427,-2.097610986
CAFI_P017,BOU_173,Secondaire,Active,3.253929291,15.71076973,49.38970038,0,Exp,26,202,2.3,119,7.3545893,-2.07527607
CAFI_P020,EBI_440,Primaire,Active,18.81437328,21.60375036,26.90841832,0,Prm,23.9,164,10.4,518,-0.092556036,-1.35964361
CAFI_P021,EDO_420,Exploitee,Active,4.095871019,71.94822424,14.52989182,0,Exp,22.2,225.6,8.7,639,0.108533665,1.365842797
CAFI_P022,EGO_127,Primaire,Ancienne piste/pas d'activite,5.252571386,4.287148426,45.90839188,0,Prm,23.8,203.6,1.8,552,0.011014959,-1.687869965
CAFI_P023,ESA_037,Secondaire,Pas d'indice,7.015818031,6.749706339,89.37547369,0,Exp,23.4,177.2,10.7,577,-0.092556036,-1.35964361
CAFI_P025,ESB_044,Secondaire,Pas d'indice,12.29699696,39.46099084,35.91344847,0,Sec,23.6,170.3,20.2,627,0.247116504,-1.05396485
CAFI_P026,ILE_030,Secondaire,Ancienne piste/pas d'activite,4.357954763,38.78314164,32.9047258,0,Sec,25.1,180,0.8,260,0.221918794,1.137765611
CAFI_P027,IWA_185,Secondaire,Active,1.653626815,21.75928259,35.34326512,0,Exp,24,190.4,2.6,525,0.011014959,-1.687869965
CAFI_P028,LOP_335,Secondaire,Active,15.27785381,13.40050991,0,1,Exp,24.6,175.1,3.1,457,0.108533665,1.365842797
CAFI_P029,MAK_125,Exploitee,Ancienne piste/pas d'activite,8.294971784,7.556654401,48.2492455,0,Exp,25.9,199.4,1.5,217,-0.583789339,0.869472822
CAFI_P030,MAK_131,Primaire,Pas d'indice,5.108894354,14.46352846,58.28607118,0,Prm,24.1,195.8,1.5,519,-10.10242427,-2.097610986
CAFI_P032,MAN_116,Secondaire,Active,21.70870319,56.58370101,5.843771939,0,Sec,25.6,198.7,1.7,158,-10.10242427,-2.097610986
CAFI_P033,MAN_238,Secondaire,Active,1.670959439,27.47334045,34.60836811,0,Exp,24.2,184.7,2.7,473,0.011014959,-1.687869965
CAFI_P034,MBA_302,Primaire,Active,5.996614717,5.995539502,111.3053887,0,Prm,24.9,170.4,5.8,342,0.221918794,1.137765611
CAFI_P035,MBC_031,Secondaire,Ancienne piste/pas d'activite,9.119180488,50.79446476,19.83676982,0,Sec,25.1,181.4,0.9,225,-10.10242427,-2.097610986
CAFI_P036,MBO_035,Exploitee,Active,8.199947579,11.41795837,34.9031293,0,Exp,25.6,205.7,2,218,7.3545893,-2.07527607
CAFI_P039,MEB_040,Secondaire,Ancienne piste/pas d'activite,4.124894282,9.426895803,67.65809586,0,Sec,23.7,174.6,20.2,622,0.247116504,-1.05396485
CAFI_P040,MEB_364,Secondaire,Pas d'indice,2.352297993,1.828188081,6.714663418,0,Exp,26.1,276.8,3.5,37,-10.10242427,-2.097610986
CAFI_P041,MED_412,Secondaire,Ancienne piste/pas d'activite,2.62715145,11.46800292,14.29389402,0,Exp,25,284.1,5.6,170,-10.10242427,-2.097610986
CAFI_P042,MEL_417,Secondaire,Pas d'indice,13.11968304,37.4728725,8.195395618,0,Sec,24.3,252.5,5.8,382,0.221918794,1.137765611
CAFI_P043,MEN_043,Secondaire,Pas d'indice,1.648556033,9.369570971,85.03154114,0,Exp,23.1,181.7,16,668,0.247116504,-1.05396485
CAFI_P044,MIG_175,Primaire,Active,0.8825477,18.10706034,20.21590939,0,Prm,26.4,201.7,2.1,108,-0.583789339,0.869472822
CAFI_P045,MIG_176,Primaire,Active,12.18924024,30.32524764,7.340435342,0,Prm,25.1,207.5,2.4,314,0.108533665,1.365842797
CAFI_P046,MIN_387,Secondaire,Active,3.131263742,2.045724097,15.02211366,0,Exp,24.3,159.1,6.3,483,-0.092556036,-1.35964361
CAFI_P047,MIT_287,Secondaire,Active,4.501104729,3.725364071,0,1,Sec,25.8,165.2,2.6,287,0.221918794,1.137765611
CAFI_P049,MOU_124,Exploitee,Ancienne piste/pas d'activite,11.60965034,11.28412414,60.04581869,0,Exp,26.2,192.9,1.3,160,-0.583789339,0.869472822
CAFI_P050,MOU_126,Exploitee,Pas d'indice,13.03402481,12.06487748,64.21107558,0,Exp,26,191.2,1.3,173,-0.583789339,0.869472822
CAFI_P051,MOU_239,Secondaire,Pas d'indice,4.911436306,17.08002853,47.0323333,0,Sec,24,183.7,2.8,556,0.011014959,-1.687869965
CAFI_P052,MOU_293,Secondaire,Active,3.22178429,2.711582904,44.0298232,0,Exp,25.3,162.4,3.7,291,0.221918794,1.137765611
CAFI_P053,MVO_041,Secondaire,Pas d'indice,0.41991253,0.409800822,73.17177064,0,Exp,23.2,178,15.7,664,0.247116504,-1.05396485
CAFI_P055,NDZ_036,Secondaire,Active,4.319903375,6.387028209,72.38897518,0,Exp,23.3,184,8.4,555,-0.092556036,-1.35964361
CAFI_P056,NDZ_366,Secondaire,Active,0.986233606,0.89671592,21.43283135,0,Exp,26,266.7,3.5,59,-10.10242427,-2.097610986
CAFI_P057,NGO_304,Secondaire,Pas d'indice,3.374189438,2.586098379,76.1286249,0,Sec,24,170.9,7.2,415,0.221918794,1.137765611
CAFI_P058,NIN_174,Exploitee,Active,10.76374839,24.91171308,11.89358399,0,Exp,25.6,204.8,2.4,170,-0.583789339,0.869472822
CAFI_P060,NZN_365,Secondaire,Active,1.077958793,0.913261077,8.279272599,0,Exp,25.9,276.6,3.9,45,-10.10242427,-2.097610986
CAFI_P061,NZV_447,Primaire,Active,18.41681671,17.49534635,13.04624678,0,Prm,23.7,163.2,11.2,537,-0.092556036,-1.35964361
CAFI_P062,OBI_285,Secondaire,Pas d'indice,0.540826945,8.372808493,0.334294028,0,Exp,25.8,165.1,2.7,237,0.221918794,1.137765611
CAFI_P063,OBI_286,Secondaire,Ancienne piste/pas d'activite,1.703233936,8.075248552,0.707440234,0,Exp,25.8,165.1,2.7,239,0.221918794,1.137765611
CAFI_P064,OBI_288,Secondaire exploite,Pas d'indice,17.37751035,3.735453054,28.51411444,0,Exp,25.4,161.4,3.2,321,0.221918794,1.137765611
CAFI_P067,OPA_252,Secondaire,Active,5.062856605,7.867427392,118.4719732,0,Exp,24.5,176.2,6.2,427,0.221918794,1.137765611
CAFI_P069,OVA_180,Primaire,Active,9.498797393,29.92572961,22.4897076,0,Prm,22.7,209.1,2.7,700,0.108533665,1.365842797
CAFI_P070,OVA_181,Primaire,Active,8.246209184,26.49943747,24.54490376,0,Prm,22.7,209.1,2.7,767,0.108533665,1.365842797
CAFI_P071,OVA_182,Primaire,Ancienne piste/pas d'activite,8.786590703,30.90900239,19.17196752,0,Prm,22.8,209.6,2.6,757,0.108533665,1.365842797
CAFI_P072,OYA_306,Primaire,Pas d'indice,2.065183704,11.78128702,95.35165209,0,Prm,24.7,170.1,6.2,389,0.221918794,1.137765611
CAFI_P073,POP_134,Primaire,Active,12.98195823,36.4717166,0,1,Prm,22.2,195.4,3.1,792,0.011014959,-1.687869965
CAFI_P074,POP_135,Primaire,Active,15.35111348,40.18735996,0,1,Prm,22,197,3.1,752,0.011014959,-1.687869965
CAFI_P075,POP_136,Primaire,Active,22.61415923,36.4937295,0,1,Prm,22.5,193.5,2.8,780,0.011014959,-1.687869965
CAFI_P077,WEL_114,Secondaire,Active,4.565781874,110.5586994,13.15961237,0,Exp,25.7,198.1,1.4,39,-10.10242427,-2.097610986
CAFI_P078,WNY_112,Secondaire,Active,1.093901895,120.3425777,15.19133932,0,Exp,25.6,199.3,1.4,47,-10.10242427,-2.097610986
CAFI_P079,WOU_289,Secondaire,Active,21.51678811,13.63698346,35.99087034,0,Exp,25.4,164,3.1,326,0.221918794,1.137765611
CAFI_P080,YEN_113,Secondaire,Active,2.439843588,85.84080449,32.89189274,0,Exp,25.8,197.6,1.5,43,-10.10242427,-2.097610986
CAFI_P081,YOU_305,Secondaire,Ancienne piste/pas d'activite,14.92023835,47.30599557,99.94022633,0,Sec,24.4,173.1,8.6,434,0.221918794,1.137765611
CAFI_P082,ZAM_368,Secondaire,Active,1.680657495,18.77822089,7.73835061,0,Exp,26.2,238,3.7,28,0.221918794,1.137765611
NRI_P001,ADO_022,Exploitee,Active,5.019724312,4.502484918,11.16369435,0,Prm,23.9,162.4,7.9,526,-0.092556036,-1.35964361
NRI_P002,AGN_310,Secondaire,Ancienne piste/pas d'activite,2.574203408,0.738950821,19.12341846,0,Sec,24.2,159.7,6.7,497,-0.092556036,-1.35964361
NRI_P003,AKOK_91,Secondaire,Ancienne piste/pas d'activite,1.227363708,0.499632612,7.875408546,0,Sec,26,280.8,4,31,-10.10242427,-2.097610986
NRI_P006,ANGA_124,Secondaire,Ancienne piste/pas d'activite,1.445847769,20.82922626,99.58975018,0,Sec,23.1,185.6,17,662,0.247116504,-1.05396485
NRI_P008,AVA_386,Primaire,Active,13.98955205,22.50783288,41.55198086,0,Prm,23.2,172,14.9,678,-0.092556036,-1.35964361
NRI_P010,AYMV_83,Primaire,Active,10.7037616,21.55740656,22.21446711,0,Prm,25.4,170.9,3.5,297,0.108533665,1.365842797
NRI_P012,BEM_126,Secondaire,Ancienne piste/pas d'activite,5.350483682,8.099065737,46.84116571,0,Sec,23.3,216.5,2.6,559,7.3545893,-2.07527607
NRI_P014,BLGI_31,Exploitee,Ancienne piste/pas d'activite,9.981939632,9.973086527,55.92113599,0,Exp,26.1,194.5,1.4,165,7.3545893,-2.07527607
NRI_P015,BMGO_24,Secondaire,Active,9.334446618,53.17474853,37.50502691,0,Sec,23.5,192.3,3.1,551,0.011014959,-1.687869965
NRI_P016,BNTY_59,Secondaire,Active,1.553189089,33.31053991,49.46895854,0,Sec,25.1,168.5,2.9,348,0.011014959,-1.687869965
NRI_P017,BON_137,Exploitee,Ancienne piste/pas d'activite,27.43070167,40.54441373,64.34424025,0,Prm,26,201.8,2.2,68,-10.10242427,-2.097610986
NRI_P018,DIGI_58,Primaire,Active,26.01370522,54.03849029,0,1,Prm,23.6,200.4,2.6,646,0.108533665,1.365842797
NRI_P020,DUBU_30,Exploitee,Ancienne piste/pas d'activite,7.814899604,6.625636236,44.12635755,0,Exp,26.1,204.3,1.9,155,7.3545893,-2.07527607
NRI_P021,DVLI_12,Primaire,Ancienne piste/pas d'activite,2.910760393,9.320952222,63.93227645,0,Prm,24.9,163,0.5,241,0.221918794,1.137765611
NRI_P022,EKBKB_98,Exploitee,Ancienne piste/pas d'activite,3.71718418,1.46249227,32.98681525,0,Exp,23.7,166,9,532,-0.092556036,-1.35964361
NRI_P023,EKGA_43,Exploitee,Ancienne piste/pas d'activite,3.086363722,8.833465728,28.68878125,0,Exp,26.1,200.9,2.6,138,7.3545893,-2.07527607
NRI_P024,EKO_304,Exploitee,Ancienne piste/pas d'activite,6.704174083,5.916330437,40.43653172,0,Prm,23.8,165.7,9.4,527,-0.092556036,-1.35964361
NRI_P025,EKSA_49,Primaire,Ancienne piste/pas d'activite,3.53306154,3.58299688,84.51618305,0,Exp,24.7,181.2,5.5,387,0.221918794,1.137765611
NRI_P027,ETA_15,Secondaire,Active,2.063706205,2.095448971,16.57553623,0,Sec,23.9,166,9.6,512,-2.768031015,-2.363284346
NRI_P028,FAN_106,Exploitee,Ancienne piste/pas d'activite,3.812383652,24.56511443,41.96227205,0,Prm,25.9,202.6,2.2,127,0.108533665,1.365842797
NRI_P029,FRMG_69,Exploitee,Ancienne piste/pas d'activite,8.754241365,4.9717913,53.00839055,0,Exp,25.8,200.8,3.2,147,0.108533665,1.365842797
NRI_P030,GBVA_109,Exploitee,Active,15.3654119,13.4421866,27.4159089,0,Exp,23.7,163.3,9.3,547,-0.092556036,-1.35964361
NRI_P031,GETSU_18,Exploitee,Ancienne piste/pas d'activite,7.023826151,51.21476987,13.57278901,0,Prm,25.1,191.9,1.2,268,0.221918794,1.137765611
NRI_P032,HEN_99,Primaire,Ancienne piste/pas d'activite,24.98682586,23.711143,11.30060991,0,Prm,23.5,165.5,10.5,550,-0.092556036,-1.35964361
NRI_P033,IGZE_53,Primaire,Active,5.023696173,105.811126,95.19658689,0,Prm,25.8,203.5,1.1,13,-0.345365371,4.929998266
NRI_P034,IKBD_56,Exploitee,Active,36.27310044,64.39383028,19.09384183,0,Prm,23.7,202.1,3,585,0.108533665,1.365842797
NRI_P035,ING_111,Primaire,Active,7.65662358,7.662454143,36.77733824,0,Prm,23.7,160.6,13.5,521,-0.092556036,-1.35964361
NRI_P036,IPA_1,Primaire,Ancienne piste/pas d'activite,7.060902036,9.047089774,0,1,Prm,23.8,164.4,8.6,517,-0.092556036,-1.35964361
NRI_P037,IVI_002,Primaire,Active,16.35845987,16.33525704,0,1,Prm,23.9,164,8.3,518,-0.092556036,-1.35964361
NRI_P038,IVI_004,Secondaire,Active,16.03065602,24.28671496,0,1,Sec,24.2,160.7,6.6,488,-0.092556036,-1.35964361
NRI_P039,IVI_006,Primaire,Active,24.12888743,26.04135015,0,1,Prm,24,162.6,7.3,508,-0.092556036,-1.35964361
NRI_P040,IVI_007,Primaire,Ancienne piste/pas d'activite,47.53197948,79.60964341,0,1,Prm,23.9,161.5,15.3,532,-0.092556036,-1.35964361
NRI_P041,IVI_023,Primaire,Active,18.41915093,33.94129219,0,1,Prm,24,162.9,6.9,517,-0.092556036,-1.35964361
NRI_P042,IVI_024,Primaire,NA,26.79649106,28.93760409,0,1,Prm,23.9,163.6,7.5,529,-0.092556036,-1.35964361
NRI_P046,KGL_230,Exploitee,Ancienne piste/pas d'activite,11.7488836,21.58676402,44.7742848,0,Prm,25.6,217.3,2.3,126,-10.10242427,-2.097610986
NRI_P047,KIJU_71,Primaire,Ancienne piste/pas d'activite,25.96875224,73.44466914,19.16920604,0,Prm,24.2,201,2.8,448,0.108533665,1.365842797
NRI_P048,KKMN_74,Exploitee,Ancienne piste/pas d'activite,3.819084371,25.71298243,59.77584327,0,Prm,24.9,167.5,5.2,317,0.221918794,1.137765611
NRI_P049,KMBI_47,Exploitee,Ancienne piste/pas d'activite,10.50358109,10.41759277,33.76408829,0,Prm,23.8,185.1,4,572,0.011014959,-1.687869965
NRI_P050,KNDA_32,Secondaire,Ancienne piste/pas d'activite,1.845306668,30.12439319,42.47982219,0,Sec,23.4,195.6,1.7,590,0.011014959,-1.687869965
NRI_P051,KNGO_80,Exploitee,Ancienne piste/pas d'activite,5.797739431,5.529007289,37.45229614,0,Exp,26.1,226.3,3,70,0.221918794,1.137765611
NRI_P052,KNSV_126,Exploitee,Active,24.59761014,53.18548098,24.77737692,0,Prm,23.6,168.3,20,635,-0.092556036,-1.35964361
NRI_P053,KON_385,Primaire,Ancienne piste/pas d'activite,32.11043496,53.26473853,9.689733266,0,Exp,23.7,165.7,14.4,567,-0.092556036,-1.35964361
NRI_P056,LAT_17,Secondaire,NA,3.813074323,3.757028796,24.07458853,0,Sec,23.8,166.2,10.2,527,-2.768031015,-2.363284346
NRI_P057,LBK_111,Exploitee,Ancienne piste/pas d'activite,7.519384031,36.22972798,41.87052491,0,Exp,25.5,203.4,2,174,-10.10242427,-2.097610986
NRI_P058,LBK_132,Primaire,Ancienne piste/pas d'activite,22.70403197,34.66613843,58.98541118,0,Prm,25.5,204.6,2.3,125,-10.10242427,-2.097610986
NRI_P059,LBLI_87,Primaire,Active,27.84483739,25.99777707,55.74609038,0,Prm,24.3,165.4,7.3,411,0.221918794,1.137765611
NRI_P061,LEL_411,Primaire,Ancienne piste/pas d'activite,93.36306825,117.3674812,0,1,Exp,23.7,159.2,17.6,520,-0.092556036,-1.35964361
NRI_P062,LFTA_62,Primaire,Active,10.41879512,20.2649018,101.8796974,0,Prm,25.3,172.7,5,288,0.011014959,-1.687869965
NRI_P063,LKGF_35,Exploitee,Ancienne piste/pas d'activite,10.11269674,34.08052766,69.29088649,0,Prm,23.1,192.7,3.2,634,0.011014959,-1.687869965
NRI_P066,MADI_42,Secondaire,Ancienne piste/pas d'activite,4.224712045,35.16461895,22.67740157,0,Sec,25.8,201.2,1.9,155,0.108533665,1.365842797
NRI_P067,MAK_216,Secondaire,Active,3.865996928,11.59113358,78.75951048,0,Sec,26.1,206.9,2.9,41,0.221918794,1.137765611
NRI_P068,MAS_343,Secondaire,Active,3.961402321,3.590673244,42.65198266,0,Sec,23.8,163.4,11.5,503,-0.092556036,-1.35964361
NRI_P069,MAY_319,Exploitee,Active,1.015357787,0.708654322,3.82149771,0,Exp,23.9,164.7,9.3,493,-0.092556036,-1.35964361
NRI_P070,MBAS_117,Exploitee,Ancienne piste/pas d'activite,2.196676071,1.480553739,62.4712302,0,Prm,23,176,14.1,680,0.247116504,-1.05396485
NRI_P071,MBBU_60,Primaire,Ancienne piste/pas d'activite,4.11990439,3.404660771,75.78318111,0,Exp,25.2,161.6,3.7,319,0.011014959,-1.687869965
NRI_P072,MBDA_13,Secondaire,Ancienne piste/pas d'activite,12.15224913,20.34711694,90.41120688,0,Sec,25.2,153.7,0.4,319,0.221918794,1.137765611
NRI_P073,MBGU_45,Primaire,Active,1.148248625,18.16391668,34.47113122,0,Prm,23.4,204.7,2.4,614,0.108533665,1.365842797
NRI_P074,MBYA_113,Primaire,Active,19.74100955,19.98414527,55.2088124,0,Prm,23.7,161.2,15.9,536,-0.092556036,-1.35964361
NRI_P075,MDMN_81,Exploitee,Ancienne piste/pas d'activite,8.289784247,8.916437537,42.59983405,0,Exp,24.4,199.8,3.7,480,0.108533665,1.365842797
NRI_P076,MDMU_131,Secondaire,Ancienne piste/pas d'activite,2.258497066,2.440578675,81.99373758,0,Sec,23.7,176.5,20.8,619,0.247116504,-1.05396485
NRI_P077,MES_027,Secondaire,Ancienne piste/pas d'activite,1.859882253,5.234388389,15.80033596,0,Sec,23.9,165.9,9.9,506,-0.092556036,-1.35964361
NRI_P078,MGGO_37,Primaire,Active,9.534119205,33.04765892,18.41922074,0,Prm,24.3,190.6,4.3,435,-10.1335921,-2.146697313
NRI_P080,MIK_119,Primaire,Active,66.78647465,87.92237812,0,1,Prm,23.9,162.3,14.9,554,-0.092556036,-1.35964361
NRI_P081,MIK_120,Primaire,Active,22.0122003,43.33286157,19.89165165,0,Prm,23.8,162.7,12.8,524,-0.092556036,-1.35964361
NRI_P082,MIK_128,Primaire,Active,52.58857526,102.25596,0,1,Prm,23.9,159.3,19.5,513,-0.092556036,-1.35964361
NRI_P083,MIK_355,Primaire,Active,35.38077262,35.35362503,28.19255978,0,Prm,23.9,162.9,10.9,527,-0.092556036,-1.35964361
NRI_P084,MIK_362,Primaire,Active,49.61980798,48.33415051,19.33185311,0,Prm,24.1,161.2,11,500,-0.092556036,-1.35964361
NRI_P085,MIK_369,Primaire,Active,60.67829484,63.89557054,3.606776434,0,Prm,23.9,162.4,12.7,528,-0.092556036,-1.35964361
NRI_P086,MIK_377,Primaire,Active,66.9393503,75.14036136,0,1,Prm,23.8,162.8,13.6,551,-0.092556036,-1.35964361
NRI_P087,MIK_391,Primaire,NA,61.73256803,99.74567687,0,1,Prm,23.9,160.9,17.6,528,-0.092556036,-1.35964361
NRI_P089,MIK_393,Primaire,Ancienne piste/pas d'activite,51.75464073,88.99429194,0,1,Prm,23.4,165.4,18.4,640,-0.092556036,-1.35964361
NRI_P090,MIK_398,Primaire,Active,65.34305637,113.8802596,0,1,Prm,23.8,159.5,19.4,522,-0.092556036,-1.35964361
NRI_P091,MIK_400,Secondaire,Active,75.24684913,123.2753481,0,1,Sec,23.8,160.9,19.3,551,-0.092556036,-1.35964361
NRI_P092,MIK_402,Secondaire,Ancienne piste/pas d'activite,38.89134117,82.26320428,0,1,Sec,23.6,164.7,19.6,610,-0.092556036,-1.35964361
NRI_P093,MIK_404,Secondaire,Ancienne piste/pas d'activite,40.19000413,85.28741447,0,1,Sec,23.6,164.7,19.6,605,-0.092556036,-1.35964361
NRI_P094,MIK_407,Secondaire,Ancienne piste/pas d'activite,44.15093626,90.28343261,0,1,Sec,23.6,164.4,19.6,606,-0.092556036,-1.35964361
NRI_P098,MIK_418,Primaire,Active,87.45044667,120.7563469,0,1,Prm,23.7,159.1,17.8,527,-0.092556036,-1.35964361
NRI_P099,MIK_419,Primaire,Ancienne piste/pas d'activite,48.27931828,86.54571154,0,1,Prm,23.5,164.9,19.3,624,-0.092556036,-1.35964361
NRI_P100,MIK_420,Primaire,NA,33.81922369,56.64106099,8.576084732,0,Prm,23.9,164.5,14.4,547,-0.092556036,-1.35964361
NRI_P101,MIK_421,Primaire,Active,27.36575429,66.1691063,0.965459496,0,Prm,23.8,161.3,15.4,533,-0.092556036,-1.35964361
NRI_P103,MIK_425,Primaire,Active,45.91942993,95.37779754,0,1,Prm,23.8,159.9,18.7,526,-0.092556036,-1.35964361
NRI_P104,MIK_428,Primaire,Active,50.12717642,86.87342435,0,1,Prm,24,162.6,16.5,533,-0.092556036,-1.35964361
NRI_P105,MIK_461,Secondaire,Ancienne piste/pas d'activite,73.1055182,122.5514646,0,1,Sec,23.8,160.1,18.9,541,-0.092556036,-1.35964361
NRI_P106,MIN_021,Exploitee,Ancienne piste/pas d'activite,15.40976531,15.04408769,4.507530398,0,Exp,24.4,159,6.3,466,-0.092556036,-1.35964361
NRI_P107,MIN_316,Primaire,Active,5.947817752,5.509316399,23.72326578,0,Prm,24.3,159,6.4,476,-0.092556036,-1.35964361
NRI_P108,MIN_331,Exploitee,Active,8.301879119,8.226924534,18.02486014,0,Prm,23.8,164,9.3,547,-0.092556036,-1.35964361
NRI_P109,MIN_333,Primaire,Ancienne piste/pas d'activite,7.68811781,7.341881814,25.54311853,0,Prm,24.4,158.5,6.4,473,-0.092556036,-1.35964361
NRI_P110,MINA_76,Primaire,Active,7.313440695,6.115441713,68.30827216,0,Prm,23.9,170.4,7.5,438,0.221918794,1.137765611
NRI_P113,MKB_417,Secondaire,Ancienne piste/pas d'activite,92.88800601,145.1602773,0,1,Sec,23.5,161.6,17.2,606,-0.092556036,-1.35964361
NRI_P114,MKB_418,Secondaire,Active,89.34989271,134.3229089,0,1,Sec,23.6,160.6,18,560,-0.092556036,-1.35964361
NRI_P115,MKB_420,Primaire,Active,50.56742937,78.18712187,0,1,Exp,24.1,162.3,15.1,509,-0.092556036,-1.35964361
NRI_P118,MKBO_112,Primaire,Ancienne piste/pas d'activite,9.128594126,4.510022975,33.23600001,0,Prm,23.7,159.7,14.1,531,-0.092556036,-1.35964361
NRI_P119,MKDD_11,Exploitee,Active,11.26060913,50.31143825,0,1,Prm,24.5,178.6,0.9,274,0.108533665,1.365842797
NRI_P120,MKDD_17,Primaire,Active,21.43683489,85.05778508,0,1,Prm,23.8,194.1,1.4,363,0.108533665,1.365842797
NRI_P122,MKLB_29,Exploitee,Active,7.673122386,55.69915967,0,1,Prm,24.4,201.9,1.5,248,0.108533665,1.365842797
NRI_P123,MKMG_88,Primaire,Active,7.873793605,7.2304346,38.13640935,0,Prm,23.6,168.8,8.7,557,0.221918794,1.137765611
NRI_P124,MKND_72,Secondaire,Ancienne piste/pas d'activite,11.38687563,27.53224211,11.24349712,0,Sec,25.6,170.1,2.6,275,0.221918794,1.137765611
NRI_P125,MLGB_7,Secondaire,Active,4.65863913,80.72862431,89.4535764,0,Sec,25.6,136.6,0.2,93,7.3545893,-2.07527607
NRI_P126,MLLE_73,Secondaire,Ancienne piste/pas d'activite,11.19056869,15.50817818,25.06335851,0,Sec,25.1,161.6,4.3,301,0.221918794,1.137765611
NRI_P129,MND_8,Secondaire,NA,2.824170469,0.741524648,9.407875493,0,Sec,25.6,310.2,3.9,44,-0.345365371,4.929998266
NRI_P130,MRBU_20,Secondaire,Ancienne piste/pas d'activite,2.859498233,0.421736775,84.28896985,0,Sec,26,177.9,0.8,144,7.3545893,-2.07527607
NRI_P131,MSB_110,Secondaire,NA,0.716275773,1.846282789,15.29600708,0,Sec,23.9,166.2,9.8,503,-0.092556036,-1.35964361
NRI_P133,MSNA_97,Secondaire,Active,9.640140809,29.16074269,0.803751081,0,Sec,24.7,157.7,5.5,409,-0.092556036,-1.35964361
NRI_P134,MTKG_92,Primaire,Active,7.202042209,37.06447796,0,1,Prm,22.7,239.6,5.6,566,0.108533665,1.365842797
NRI_P135,MTSA_48,Secondaire,Active,13.01851982,12.71458866,65.7727049,0,Sec,24,182.6,5.1,517,0.011014959,-1.687869965
NRI_P136,MTZC_107,Secondaire,Active,7.832219977,10.97834852,93.25855783,0,Sec,23.5,172.9,8.4,559,-0.092556036,-1.35964361
NRI_P137,MUPI_36,Exploitee,Ancienne piste/pas d'activite,2.465064612,23.80133803,29.95571852,0,Exp,24.2,189.7,4.4,467,0.011014959,-1.687869965
NRI_P138,MYIK_122,Primaire,Ancienne piste/pas d'activite,7.388739188,6.402132072,51.50440519,0,Prm,23.8,158.7,15.2,515,-0.092556036,-1.35964361
NRI_P139,MYZA_75,Secondaire,Ancienne piste/pas d'activite,6.672702602,19.4244121,87.66748345,0,Sec,24.7,169.3,5.8,371,0.221918794,1.137765611
NRI_P140,MZGO_123,Primaire,Active,11.79373501,11.40150337,95.68636009,0,Prm,23.8,158.6,19.7,505,-2.768031015,-2.363284346
NRI_P141,NDMB_86,Exploitee,Active,7.463224795,39.11251772,83.64433401,0,Prm,25.1,168.5,5.4,329,0.221918794,1.137765611
NRI_P142,NGF_240,Exploitee,Ancienne piste/pas d'activite,5.267721617,17.67740661,45.85742218,0,Prm,26.1,216.3,2.5,55,-10.10242427,-2.097610986
NRI_P143,NOYE_57,Secondaire,Ancienne piste/pas d'activite,7.670761813,70.85802476,9.109502913,0,Sec,24.2,205,2.5,430,0.108533665,1.365842797
NRI_P144,NSBO_84,Secondaire,Ancienne piste/pas d'activite,16.71412107,21.56696774,30.80899896,0,Sec,25.2,154.8,4.1,316,-0.092556036,-1.35964361
NRI_P145,NTO_387,Exploitee,Active,29.56016533,59.97225065,12.75173295,0,Exp,23.8,165.3,15.3,561,-0.092556036,-1.35964361
NRI_P146,NTO_394,Primaire,Active,16.67761986,55.36040091,20.48213867,0,Prm,23.1,169.1,17.8,711,-0.092556036,-1.35964361
NRI_P147,NTS_308,Exploitee,Ancienne piste/pas d'activite,5.116047812,4.090938201,20.71016625,0,Prm,23.8,165.9,9,525,-0.092556036,-1.35964361
NRI_P148,NZA_276,Exploitee,Active,3.834240662,2.217186312,23.65008745,0,Prm,25.3,154.9,3.6,328,7.3545893,-2.07527607
NRI_P149,OBAK_63,Secondaire,Ancienne piste/pas d'activite,5.598630888,0.174219157,90.54129943,0,Sec,24.5,182.8,6.6,431,0.221918794,1.137765611
NRI_P150,ONGA_77,Secondaire,Ancienne piste/pas d'activite,10.22907325,53.81826317,119.2274719,0,Sec,24.2,179.8,9.1,475,-10.1335921,-2.146697313
NRI_P151,OVAN_108,Primaire,Active,17.89339481,17.74038014,36.0350399,0,Prm,24.3,159.1,7.1,480,-0.092556036,-1.35964361
NRI_P152,OVAN_96,Exploitee,Ancienne piste/pas d'activite,9.480779373,9.154004569,17.8213514,0,Exp,24.6,157.3,5.1,431,-0.092556036,-1.35964361
NRI_P153,OVLA_44,Primaire,Ancienne piste/pas d'activite,11.62920255,30.30944904,8.512813924,0,Prm,23.3,210.4,2.4,644,0.108533665,1.365842797
NRI_P154,OYA_280,Exploitee,Active,3.820823528,15.66987377,29.87203055,0,Exp,26,224.3,3.5,101,0.221918794,1.137765611
NRI_P156,PNGU_46,Primaire,Active,6.898878202,10.9266092,47.31458469,0,Prm,23.8,188.7,2.7,591,0.011014959,-1.687869965
NRI_P159,POBG_34,Primaire,Active,16.81701326,29.012533,0,1,Prm,21.9,197.7,3.4,866,0.011014959,-1.687869965
NRI_P160,PON_78,Primaire,Ancienne piste/pas d'activite,1.529935101,24.21743299,0,1,Prm,26.2,261.7,2.1,22,-10.10242427,-2.097610986
NRI_P161,RMBU_79,Secondaire,Ancienne piste/pas d'activite,17.23469103,39.45565087,23.52320448,0,Sec,26.1,226.4,2.3,57,-10.10242427,-2.097610986
NRI_P162,RPE_296,Exploitee,NA,6.187113385,6.194559193,41.81293572,0,Prm,24.3,162.9,4.7,496,-0.092556036,-1.35964361
NRI_P164,SAB_136,Exploitee,Ancienne piste/pas d'activite,17.67600057,66.53750049,69.83976774,0,Prm,25.8,202.2,1.8,72,-10.10242427,-2.097610986
NRI_P166,SIM_330,Secondaire,Active,4.479398294,3.899542529,8.559849474,0,Sec,23.8,164.9,9.4,531,-0.092556036,-1.35964361
NRI_P167,SIN_391,Primaire,Ancienne piste/pas d'activite,61.73256803,99.74567687,0,1,Prm,23.9,160.9,17.6,528,-0.092556036,-1.35964361
NRI_P168,SIN_392,Primaire,Ancienne piste/pas d'activite,6.826488921,42.33496554,24.26170617,0,Prm,23.9,161.4,13.7,502,-2.768031015,-2.363284346
NRI_P170,SOM_322,Exploitee,NA,11.40527065,33.40990164,66.16833764,0,Prm,24.1,161.6,6,524,-0.092556036,-1.35964361
NRI_P171,SONG_104,Secondaire,Ancienne piste/pas d'activite,1.013235397,46.99369924,8.063800494,0,Sec,23.4,245.3,6.3,436,0.108533665,1.365842797
NRI_P172,STCM_16,Primaire,Active,12.73139499,105.1194508,14.59285643,0,Prm,25.5,186.5,1.1,45,-0.345365371,4.929998266
NRI_P173,STR_233,Secondaire,Active,5.746160195,12.01283455,52.58314059,0,Sec,26,213,2.4,67,0.221918794,1.137765611
NRI_P174,TBGA_6,Primaire,Active,17.75291941,56.63185863,47.25519722,0,Prm,23.1,161.4,0.5,457,0.108533665,1.365842797
NRI_P175,TCHBL_105,Primaire,Active,17.72002445,63.30852528,0,1,Prm,22.1,230.5,6.7,680,0.108533665,1.365842797
NRI_P176,TKNV_127,Primaire,Active,41.35710169,80.94485155,0.202538867,0,Exp,23.6,165.3,19.6,614,-0.092556036,-1.35964361
NRI_P177,TSGI_19,Primaire,Ancienne piste/pas d'activite,1.868154416,5.271775711,59.89573713,0,Prm,25.7,166.2,0.6,175,0.221918794,1.137765611
NRI_P178,VIA_94,Exploitee,Ancienne piste/pas d'activite,9.100843529,8.411048696,54.13557832,0,Prm,24.8,174.1,4.7,332,-0.092556036,-1.35964361
NRI_P179,WWG_220,Exploitee,Active,13.43324292,90.03619617,59.53281455,0,Prm,25.5,218.8,1.2,116,7.3545893,-2.07527607
NRI_P180,WWG_243,Secondaire,Active,8.83956902,69.2240191,38.76704096,0,Sec,25.8,229.2,1.4,44,7.3545893,-2.07527607
NRI_P181,WWG_60,Secondaire,Ancienne piste/pas d'activite,17.28884655,57.71129853,27.2304405,0,Sec,25.6,236.6,1.6,113,7.3545893,-2.07527607
NRI_P182,WWG_62,Primaire,Active,10.24776711,64.18152658,70.18390062,0,Prm,25.8,213.3,1.4,61,7.3545893,-2.07527607
NRI_P183,WWG_64,Exploitee,Active,12.08178694,107.4970015,82.4949035,0,Prm,25.7,209.8,1.1,39,7.3545893,-2.07527607
NRI_P184,WWG_65,Exploitee,Active,26.05675149,92.11663275,76.77562203,0,Prm,25.4,212.8,1.2,99,7.3545893,-2.07527607
NRI_P186,YALC_51,Primaire,NA,10.93604961,28.95343756,76.27352746,0,Prm,23.9,191.9,7.9,518,0.221918794,1.137765611
NRI_P187,YEN_95,Exploitee,Active,3.266291444,2.543950538,45.99365158,0,Prm,24.9,164.5,4.6,365,-0.092556036,-1.35964361
NRI_P188,ZOL_345,Secondaire,Active,3.260050695,2.200640995,33.25844099,0,Sec,23.8,163.3,11.8,517,-0.092556036,-1.35964361
OLAM_P001,OL_003,Exploitee,Ancienne piste/pas d'activite,2.965307615,13.93765584,26.61673762,0,Prm,26.1,227.1,3.5,67,0.221918794,1.137765611
OLAM_P002,OL_005,Secondaire,Pas d'indice,4.382970674,4.429142584,37.35564954,0,Sec,25.8,226,3.4,61,0.221918794,1.137765611
OLAM_P003,OL_006,Secondaire,Pas d'indice,3.048560223,2.943963039,32.25248999,0,Sec,26.1,229.9,3.1,50,0.221918794,1.137765611
OLAM_P004,OL_007,Secondaire,Active,12.68366389,12.49455663,37.59826316,0,Sec,26,225.8,2.9,87,0.221918794,1.137765611
OLAM_P005,OL_008,Secondaire,Active,3.980951814,12.18409639,45.00550631,0,Sec,26.1,221,2.9,67,0.221918794,1.137765611
OLAM_P006,OL_009,Secondaire,Pas d'indice,4.283665184,3.876087949,58.176086,0,Sec,26,217.1,3,76,0.221918794,1.137765611
OLAM_P007,OL_010,Secondaire,Pas d'indice,4.481651639,4.287975425,58.21651468,0,Sec,26.2,217.3,3.1,60,0.221918794,1.137765611
OLAM_P008,OL_011,Exploitee,Pas d'indice,3.025797442,1.555938275,65.42792929,0,Exp,26.1,213.3,3.2,75,0.221918794,1.137765611
OLAM_P009,OL_012,Secondaire,Active,4.093607532,15.87738917,85.55784377,0,Sec,26.1,206,2.9,49,0.221918794,1.137765611
OLAM_P010,OL_013,Exploitee,NA,5.74228566,5.461336986,86.00062185,0,Prm,25.9,204.8,2.7,61,-10.10242427,-2.097610986
OLAM_P011,OL_014,Exploitee,Ancienne piste/pas d'activite,10.0142947,10.89745469,85.47435993,0,Prm,25.9,205.3,2.6,65,-0.345365371,4.929998266
OLAM_P012,OL_015,Exploitee,Ancienne piste/pas d'activite,11.94763962,12.08652093,70.97898205,0,Exp,25.8,206.9,2.8,105,-10.10242427,-2.097610986
OLAM_P013,OL_025,Secondaire,Active,3.638666511,3.504590156,66.16506019,0,Sec,26.1,214.2,3.2,61,0.221918794,1.137765611
OLAM_P014,OL_050,Secondaire,Pas d'indice,3.604858622,2.693787919,58.61562031,0,Sec,26.1,215.6,2.9,61,0.221918794,1.137765611
OLAM_P015,OL_051,Secondaire,Active,3.756128028,3.35360584,62.07179275,0,Sec,26.2,214.5,3.1,59,0.221918794,1.137765611
OLAM_P016,OL_053,Exploitee,Ancienne piste/pas d'activite,5.599179393,5.213068511,44.51633275,0,Prm,26,222.5,3.1,78,0.221918794,1.137765611
OLAM_P017,OL_055,Exploitee,Pas d'indice,2.931602625,3.023444945,33.14522554,0,Prm,26.3,232.1,3.2,28,0.221918794,1.137765611
OLAM_P018,OL_065,Secondaire,Ancienne piste/pas d'activite,3.529378591,2.835942241,44.51656944,0,Sec,26,223.7,3.1,64,0.221918794,1.137765611
OLAM_P019,OL_067,Exploitee,Pas d'indice,2.847295555,2.660882941,26.04605449,0,Prm,26.3,233,3,44,0.221918794,1.137765611
OLAM_P020,OL_068,Primaire,Active,5.478044209,14.17591782,80.82780914,0,Prm,26.1,206.9,2.9,50,0.221918794,1.137765611
OLAM_P021,OL_080,Secondaire,Pas d'indice,2.99545107,12.2203121,50.71625863,0,Sec,26.1,216.2,2.7,61,0.221918794,1.137765611
OLAM_P022,OL_081,Secondaire,Active,19.09812381,19.70922058,31.22507379,0,Sec,26,229.1,2.8,90,-10.10242427,-2.097610986
OLAM_P023,OL_125,Secondaire,Ancienne piste/pas d'activite,5.665777359,5.583025983,78.26488707,0,Sec,25.9,206.6,2.8,67,-0.345365371,4.929998266
OLAM_P024,OL_142,Exploitee,Active,3.063459432,3.245958238,35.95255177,0,Prm,26.4,228.1,3.2,45,0.221918794,1.137765611
OLAM_P025,OL_150,Primaire,NA,6.32415734,5.89398847,88.87345681,0,Prm,25.9,203.4,2.4,59,-0.345365371,4.929998266
OLAM_P026,OL_286,Exploitee,Pas d'indice,3.35860391,2.744927621,25.7841358,0,Prm,26.4,238.1,3.1,28,-0.345365371,4.929998266
OLAM_P027,OL_331,Exploitee,Ancienne piste/pas d'activite,2.220204604,10.18541951,34.06823867,0,Prm,25.8,223.8,3.4,90,0.221918794,1.137765611
OLAM_P028,OL_377,Secondaire,NA,2.718282851,2.522080042,80.96294946,0,Sec,25.9,205.8,2.8,76,-10.10242427,-2.097610986
OLAM_P029,OL_412,Secondaire,Pas d'indice,1.334595289,2.574239168,66.64907143,0,Sec,26.1,212,2.8,52,0.221918794,1.137765611
OLAM_P030,OL_452,Secondaire,NA,9.788449413,15.56373402,38.66707486,0,Sec,26,223.5,2.6,71,0.221918794,1.137765611
OLAM_P031,OL_553,Exploitee,Ancienne piste/pas d'activite,2.242135461,1.455724244,41.81076687,0,Exp,26.2,224,3.1,36,0.221918794,1.137765611
OLAM_P032,OL_612,Exploitee,Active,7.462769213,13.92111027,83.45183708,0,Prm,26,205.3,2.7,58,-0.345365371,4.929998266
OLAM_P033,OL_613,Secondaire,Pas d'indice,2.397021757,12.2505199,49.141238,0,Sec,26,218.2,2.8,75,0.221918794,1.137765611
OLAM_P035,OL_727,Secondaire,Pas d'indice,2.197637,1.899342319,50.59775086,0,Sec,26.1,220.2,3.1,65,0.221918794,1.137765611
OLAM_P036,OL_952,Secondaire,Ancienne piste/pas d'activite,4.478164336,3.974498339,49.33599838,0,Sec,26.1,220.7,3,66,0.221918794,1.137765611