"","Animal","Animal Family","Taxa"
"1","Cercopithecus_mitis","Cercopithecidae","Monkey"
"2","Chlorocebus_djamdjamensis","Cercopithecidae","Monkey"
"3","Cercopithecus_erythrogaster","Cercopithecidae","Monkey"
"4","Erythrocebus_patas","Cercopithecidae","Monkey"
"5","Gorilla_beringei","Hominidae","Ape"
"6","Gorilla_gorilla","Hominidae","Ape"
"7","Heliosciurus_rufobrachium","Sciuridae","Rodent"
"8","Loxodonta_africana","Elephantidae","Elephant"
"9","Loxodonta_cyclotis","Elephantidae","Elephant"
"10","Pan_troglodytes","Hominidae","Ape"
"11","Papio_anubis","Cercopithecidae","Monkey"
"12","Papio_cynocephalus","Cercopithecidae","Monkey"
"13","Afropavo_congensis","Phasianidae","Bird"
"14","Agapornis_swindernianus","Psittacidae","Bird"
"15","Agelastes_niger","Numididae","Bird"
"16","Amblyospiza_albifrons","Ploceidae","Bird"
"17","Eurillas_ansorgei","Pycnonotidae","Bird"
"18","Eurillas_curvirostris","Pycnonotidae","Bird"
"19","Stelgidillas_gracilirostris","Pycnonotidae","Bird"
"20","Eurillas_gracilis","Pycnonotidae","Bird"
"21","Eurillas_latirostris","Pycnonotidae","Bird"
"22","Arizelocichla_tephrolaema","Pycnonotidae","Bird"
"23","Eurillas_virens","Pycnonotidae","Bird"
"24","Anthreptes_aurantius","Nectariniidae","Bird"
"25","Hedydipna_collaris","Nectariniidae","Bird"
"26","Anthreptes_seimundi","Nectariniidae","Bird"
"27","Anthreptes_gabonicus","Nectariniidae","Bird"
"28","Apalis_rufogularis","Cisticolidae","Bird"
"29","Aplopelia_larvata","Columbidae","Bird"
"30","Arizelocichla_masukuensis","Pycnonotidae","Bird"
"31","Arizelocichla_montana","Pycnonotidae","Bird"
"32","Atimastillas_flavicollis","Pycnonotidae","Bird"
"33","Atimastillas_flavigula","Pycnonotidae","Bird"
"34","Baeopogon_clamans","Pycnonotidae","Bird"
"35","Baeopogon_indicator","Pycnonotidae","Bird"
"36","Epomophorus_gambianus","Pteropodidae","Bat"
"37","Buccanodon_duchaillui","Lybiidae","Bird"
"38","Bycanistes_albotibialis","Bucerotidae","Bird"
"39","Bycanistes_sharpii","Bucerotidae","Bird"
"40","Bycanistes_fistulator","Bucerotidae","Bird"
"41","Bycanistes_subcylindricus","Bucerotidae","Bird"
"42","Calyptocichla_serinus","Pycnonotidae","Bird"
"43","Cephalophus_callipygus","Bovidae","Ungulate"
"44","Cephalophus_dorsalis","Bovidae","Ungulate"
"45","Cephalophus_leucogaster","Bovidae","Ungulate"
"46","Philantomba_maxwellii","Bovidae","Ungulate"
"47","Philantomba_monticola","Bovidae","Ungulate"
"48","Cephalophus_niger","Bovidae","Ungulate"
"49","Cephalophus_nigrifrons","Bovidae","Ungulate"
"50","Cephalophus_ogilbyi","Bovidae","Ungulate"
"51","Cephalophus_rufilatus","Bovidae","Ungulate"
"52","Cephalophus_silvicultor","Bovidae","Ungulate"
"53","Ceratogymna_atrata","Bucerotidae","Bird"
"54","Ceratogymna_elata","Bucerotidae","Bird"
"55","Cercocebus_agilis","Cercopithecidae","Monkey"
"56","Cercocebus_atys","Cercopithecidae","Monkey"
"57","Lophocebus_albigena","Cercopithecidae","Monkey"
"58","Cercocebus_torquatus","Cercopithecidae","Monkey"
"59","Cercopithecus_ascanius","Cercopithecidae","Monkey"
"60","Cercopithecus_solatus","Cercopithecidae","Monkey"
"61","Cercopithecus_campbelli","Cercopithecidae","Monkey"
"62","Cercopithecus_cephus","Cercopithecidae","Monkey"
"63","Cercopithecus_diana","Cercopithecidae","Monkey"
"64","Cercopithecus_erythrotis","Cercopithecidae","Monkey"
"65","Cercopithecus_lhoesti","Cercopithecidae","Monkey"
"66","Cercopithecus_mona","Cercopithecidae","Monkey"
"67","Cercopithecus_neglectus","Cercopithecidae","Monkey"
"68","Cercopithecus_nictitans","Cercopithecidae","Monkey"
"69","Cercopithecus_petaurista","Cercopithecidae","Monkey"
"70","Cercopithecus_pogonias","Cercopithecidae","Monkey"
"71","Chlorocebus_tantalus","Cercopithecidae","Monkey"
"72","Chlorocichla_falkensteini","Pycnonotidae","Bird"
"73","Chlorocichla_laetissima","Pycnonotidae","Bird"
"74","Chlorocichla_simplex","Pycnonotidae","Bird"
"75","Civettictis_civetta","Viverridae","Carnivore"
"76","Colius_striatus","Coliidae","Bird"
"77","Colobus_angolensis","Cercopithecidae","Monkey"
"78","Piliocolobus_temmincki","Cercopithecidae","Monkey"
"79","Piliocolobus_tholloni","Cercopithecidae","Monkey"
"80","Piliocolobus_tephrosceles","Cercopithecidae","Monkey"
"81","Colobus_guereza","Cercopithecidae","Monkey"
"82","Colobus_polykomos","Cercopithecidae","Monkey"
"83","Colobus_satanas","Cercopithecidae","Monkey"
"84","Colobus_vellerosus","Cercopithecidae","Monkey"
"85","Columba_arquatrix","Columbidae","Bird"
"86","Columba_iriditorques","Columbidae","Bird"
"87","Columba_sjostedti","Columbidae","Bird"
"88","Columba_unicincta","Columbidae","Bird"
"89","Corythaeola_cristata","Musophagidae","Bird"
"90","Criniger_barbatus","Pycnonotidae","Bird"
"91","Criniger_calurus","Pycnonotidae","Bird"
"92","Criniger_ndussumensis","Pycnonotidae","Bird"
"93","Cyanomitra_verticalis","Nectariniidae","Bird"
"94","Eidolon_helvum","Pteropodidae","Bat"
"95","Epomophorus_minor","Pteropodidae","Bat"
"96","Epomophorus_labiatus","Pteropodidae","Bat"
"97","Epomophorus_wahlbergi","Pteropodidae","Bat"
"98","Epomops_buettikoferi","Pteropodidae","Bat"
"99","Epomops_dobsonii","Pteropodidae","Bat"
"100","Epomops_franqueti","Pteropodidae","Bat"
"101","Galagoides_demidoff","Galagidae","BushBaby"
"102","Genetta_maculata","Viverridae","Carnivore"
"103","Grafisia_torquata","Sturnidae","Bird"
"104","Gymnobucco_bonapartei","Lybiidae","Bird"
"105","Gymnobucco_cinereiceps","Lybiidae","Bird"
"106","Gymnobucco_calvus","Lybiidae","Bird"
"107","Gymnobucco_peli","Lybiidae","Bird"
"108","Hyemoschus_aquaticus","Tragulidae","Ungulate"
"109","Hyliota_violacea","Hyliotidae","Bird"
"110","Hylopsar_cupreocauda","Sturnidae","Bird"
"111","Hypergerus_atriceps","Cisticolidae","Bird"
"112","Hypsignathus_monstrosus","Pteropodidae","Bat"
"113","Ixonotus_guttatus","Pycnonotidae","Bird"
"114","Hylopsar_purpureiceps","Sturnidae","Bird"
"115","Lamprotornis_splendidus","Sturnidae","Bird"
"116","Lophoceros_fasciatus","Bucerotidae","Bird"
"117","Cricetomys_emini","Nesomyidae","Rodent"
"118","Myonycteris_angolensis","Pteropodidae","Bat"
"119","Lophocebus_aterrimus","Cercopithecidae","Monkey"
"120","Lophoceros_alboterminatus","Bucerotidae","Bird"
"121","Lophoceros_semifasciatus","Bucerotidae","Bird"
"122","Lybius_vieilloti","Lybiidae","Bird"
"123","Malimbus_cassini","Ploceidae","Bird"
"124","Malimbus_erythrogaster","Ploceidae","Bird"
"125","Malimbus_rubricollis","Ploceidae","Bird"
"126","Mandrillus_leucophaeus","Cercopithecidae","Monkey"
"127","Mandrillus_sphinx","Cercopithecidae","Monkey"
"128","Micropteropus_pusillus","Pteropodidae","Bat"
"129","Miopithecus_ogouensis","Cercopithecidae","Monkey"
"130","Heimyscus_fumosus","Muridae","Rodent"
"131","Musophaga_rossae","Musophagidae","Bird"
"132","Musophaga_violacea","Musophagidae","Bird"
"133","Myonycteris_torquata","Pteropodidae","Bat"
"134","Myonycteris_leptodon","Pteropodidae","Bat"
"135","Nandinia_binotata","Nandiniidae","Carnivore"
"136","Nanonycteris_veldkampi","Pteropodidae","Bat"
"137","Nectarinia_cyanolaema","Nectariniidae","Bird"
"138","Cinnyris_johannae","Nectariniidae","Bird"
"139","Nectarinia_olivacea","Nectariniidae","Bird"
"140","Nigrita_bicolor","Estrildidae","Bird"
"141","Nigrita_canicapillus","Estrildidae","Bird"
"142","Nigrita_fusconotus","Estrildidae","Bird"
"143","Nigrita_luteifrons","Estrildidae","Bird"
"144","Onychognathus_fulgidus","Sturnidae","Bird"
"145","Onychognathus_walleri","Sturnidae","Bird"
"146","Oriolus_brachyrynchus","Oriolidae","Bird"
"147","Oriolus_nigripennis","Oriolidae","Bird"
"148","Pan_paniscus","Hominidae","Ape"
"149","Parmoptila_woodhousei","Estrildidae","Bird"
"150","Pholia_sharpii","Sturnidae","Bird"
"151","Phyllastrephus_cabanisi","Pycnonotidae","Bird"
"152","Phyllastrephus_hypochloris","Pycnonotidae","Bird"
"153","Ploceus_baglafecht","Ploceidae","Bird"
"154","Ploceus_bannermani","Ploceidae","Bird"
"155","Ploceus_bicolor","Ploceidae","Bird"
"156","Ploceus_cucullatus","Ploceidae","Bird"
"157","Ploceus_nigerrimus","Ploceidae","Bird"
"158","Ploceus_brachypterus","Ploceidae","Bird"
"159","Ploceus_nigricollis","Ploceidae","Bird"
"160","Ploceus_tricolor","Ploceidae","Bird"
"161","Poeoptera_lugubris","Sturnidae","Bird"
"162","Poeoptera_stuhlmanni","Sturnidae","Bird"
"163","Pogoniulus_atroflavus","Lybiidae","Bird"
"164","Pogoniulus_bilineatus","Lybiidae","Bird"
"165","Pogoniulus_chrysoconus","Lybiidae","Bird"
"166","Pogoniulus_scolopaceus","Lybiidae","Bird"
"167","Pogoniulus_subsulphureus","Lybiidae","Bird"
"168","Lybius_bidentatus","Lybiidae","Bird"
"169","Poicephalus_gulielmi","Psittacidae","Bird"
"170","Poicephalus_robustus","Psittacidae","Bird"
"171","Prionops_rufiventris","Vangidae","Bird"
"172","Procolobus_verus","Cercopithecidae","Monkey"
"173","Psittacus_erithacus","Psittacidae","Bird"
"174","Pycnonotus_barbatus","Pycnonotidae","Bird"
"175","Rousettus_aegyptiacus","Pteropodidae","Bat"
"176","Gallirex_johnstoni","Musophagidae","Bird"
"177","Epixerus_ebii","Sciuridae","Rodent"
"178","Myosciurus_pumilio","Sciuridae","Rodent"
"179","Scotonycteris_ophiodon","Pteropodidae","Bat"
"180","Scotonycteris_zenkeri","Pteropodidae","Bat"
"181","Streptopelia_hypopyrrha","Columbidae","Bird"
"182","Streptopelia_semitorquata","Columbidae","Bird"
"183","Sylvietta_denti","Macrosphenidae","Bird"
"184","Tauraco_leucolophus","Musophagidae","Bird"
"185","Tauraco_macrorhynchus","Musophagidae","Bird"
"186","Tauraco_persa","Musophagidae","Bird"
"187","Tauraco_schalowi","Musophagidae","Bird"
"188","Tauraco_schuettii","Musophagidae","Bird"
"189","Thescelocichla_leucopleura","Pycnonotidae","Bird"
"190","Trachylaemus_purpuratus","Lybiidae","Bird"
"191","Tragelaphus_eurycerus","Bovidae","Ungulate"
"192","Treron_calvus","Columbidae","Bird"
"193","Tricholaema_hirsuta","Lybiidae","Bird"
"194","Horizocerus_cassini","Bucerotidae","Bird"
"195","Horizocerus_albocristatus","Bucerotidae","Bird"
"196","Turdus_pelios","Turdidae","Bird"
"197","Turtur_afer","Columbidae","Bird"
"198","Turtur_tympanistria","Columbidae","Bird"
"199","Zosterops_senegalensis","Zosteropidae","Bird"
"200","Chlorocebus_sabaeus","Cercopithecidae","Monkey"
"201","Spermophaga_haematina","Estrildidae","Bird"
"202","Protoxerus_stangeri","Sciuridae","Rodent"
"203","Tricholaema_lacrymosa","Lybiidae","Bird"
"204","Lybius_guifsobalito","Lybiidae","Bird"
"205","Bleda_ugandae","Pycnonotidae","Bird"
"206","Cinnyricinclus_leucogaster","Sturnidae","Bird"
"207","Apaloderma_narina","Trogonidae","Bird"
"208","Potamochoerus_larvatus","Suidae","Suidae"
"209","Cephalophus_weynsi","Bovidae","Ungulate"
"210","Cricetomys_gambianus","Nesomyidae","Rodent"
"211","Rhynchocyon_cirnei","Macroscelididae","Rodent"
"212","Malacomys_longipes","Muridae","Rodent"
"213","Praomys_jacksoni","Muridae","Rodent"
"214","Funisciurus_pyrropus","Sciuridae","Rodent"
"215","Stizorhina_fraseri","Turdidae","Bird"
"216","Phyllastrephus_albigularis","Pycnonotidae","Bird"
"217","Bleda_syndactylus","Pycnonotidae","Bird"
"218","Spermophaga_ruficapilla","Estrildidae","Bird"
"219","Anthoscopus_caroli","Remizidae","Bird"
"220","Eremomela_turneri","Cisticolidae","Bird"
"221","Estrilda_nonnula","Estrildidae","Bird"
"222","Phylloscopus_budongoensis","Phylloscopidae","Bird"
"223","Phylloscopus_trochilus","Phylloscopidae","Bird"
"224","Iduna_pallida","Acrocephalidae","Bird"
"225","Elminia_longicauda","Stenostiridae","Bird"
"226","Cyanomitra_olivacea","Nectariniidae","Bird"
"227","Prodotiscus_insignis","Indicatoridae","Bird"
"228","Crithagra_mozambica","Fringillidae","Bird"
"229","Hylia_prasina","Hyliidae","Bird"
"230","Serinus_citrinelloides","Fringillidae","Bird"
"231","Terpsiphone_viridis","Monarchidae","Bird"
"232","Prinia_bairdii","Cisticolidae","Bird"
"233","Chalcomitra_senegalensis","Nectariniidae","Bird"
"234","Chalcomitra_amethystina","Nectariniidae","Bird"
"235","Dyaphorophyia_castanea","Platysteiridae","Bird"
"236","Phoenicurus_phoenicurus","Muscicapidae","Bird"
"237","Bathmocercus_rufus","Cisticolidae","Bird"
"238","Crithagra_dorsostriata","Fringillidae","Bird"
"239","Sylvia_atricapilla","Sylviidae","Bird"
"240","Sylvia_borin","Sylviidae","Bird"
"241","Zosterops_kikuyuensis","Zosteropidae","Bird"
"242","Melaniparus_albiventris","Paridae","Bird"
"243","Melaniparus_funereus","Paridae","Bird"
"244","Ploceus_melanocephalus","Ploceidae","Bird"
"245","Ploceus_insignis","Ploceidae","Bird"
"246","Chamaetylas_poliocephala","Muscicapidae","Bird"
"247","Campephaga_flava","Campephagidae","Bird"
"248","Cossypha_heuglini","Muscicapidae","Bird"
"249","Turdus_olivaceus","Turdidae","Bird"
"250","Oriolus_auratus","Oriolidae","Bird"
"251","Cuculus_clamosus","Cuculidae","Bird"
"252","Gypohierax_angolensis","Accipitridae","Bird"
"253","Atherurus_africanus","Hystricidae","Rodent"
"254","Praomys_tullbergi","Muridae","Rodent"
"255","Grammomys_poensis","Muridae","Rodent"
"256","Hybomys_univittatus","Muridae","Rodent"
"257","Stochomys_longicaudatus","Muridae","Rodent"
"258","Deomys_ferrugineus","Muridae","Rodent"
"259","Paraxerus_poensis","Sciuridae","Rodent"
"260","Funisciurus_isabella","Sciuridae","Rodent"
"261","Paraxerus_boehmi","Sciuridae","Rodent"
"262","Oriolus_percivali","Oriolidae","Bird"
"263","Arizelocichla_nigriceps","Pycnonotidae","Bird"
"264","Phyllastrephus_flavostriatus","Pycnonotidae","Bird"
"265","Onychognathus_tenuirostris","Sturnidae","Bird"
"266","Potamochoerus_porcus","Suidae","Suidae"
"267","Funisciurus_anerythrus","Sciuridae","Rodent"
