"","DispoCode","richness","alpha","beta","prop","n","ape","bat","bird","bush","carnivore","elephant","monkey","rodent","suidae","ungulate","ape_prop","bat_prop","bird_prop","bush_prop","carnivore_prop","elephant_prop","monkey_prop","rodent_prop","suidae_prop","ungulate_prop"
"1","ACDG_P015",446,5.38729402759782,0.00771989083740019,0.838174273858921,202,180,18,28,18,3,115,194,51,0,19,0.746887966804979,0.0746887966804979,0.116182572614108,0.0746887966804979,0.012448132780083,0.477178423236515,0.804979253112033,0.211618257261411,0,0.0788381742738589
"2","ACDG_P016",832,6.08599632369631,0.00304587132557399,0.788571428571429,276,206,5,185,107,77,105,253,197,0,197,0.588571428571429,0.0142857142857143,0.528571428571429,0.305714285714286,0.22,0.3,0.722857142857143,0.562857142857143,0,0.562857142857143
"3","ACDG_P041",1015,6.03645675415754,0.00288200293766657,0.86864406779661,410,350,4,255,129,51,275,398,294,0,271,0.741525423728814,0.00847457627118644,0.540254237288136,0.273305084745763,0.108050847457627,0.582627118644068,0.843220338983051,0.622881355932203,0,0.574152542372881
"4","ACDG_P052",670,6.00460840417226,0.00385412365336218,0.532763532763533,187,139,9,106,26,38,93,164,116,1,109,0.396011396011396,0.0256410256410256,0.301994301994302,0.0740740740740741,0.108262108262108,0.264957264957265,0.467236467236467,0.33048433048433,0.00284900284900285,0.310541310541311
"5","ACDG_P053",877,6.30289194913996,0.00336055290787575,0.569920844327177,216,185,6,127,16,33,115,188,154,9,143,0.488126649076517,0.0158311345646438,0.33509234828496,0.0422163588390501,0.0870712401055409,0.303430079155673,0.496042216358839,0.406332453825858,0.0237467018469657,0.377308707124011
"6","ACDG_P055",730,6.00072421320523,0.00378503827275667,0.452261306532663,180,151,5,62,4,7,68,155,67,0,96,0.379396984924623,0.0125628140703518,0.155778894472362,0.0100502512562814,0.0175879396984925,0.170854271356784,0.389447236180905,0.168341708542714,0,0.241206030150754
"7","CAFI_P001",861,6.24607770675808,0.00290513936660563,0.827814569536424,375,304,16,215,47,86,186,296,197,0,219,0.671081677704194,0.0353200883002208,0.474613686534216,0.103752759381898,0.189845474613687,0.410596026490066,0.653421633554084,0.434878587196468,0,0.483443708609272
"8","CAFI_P002",751,6.1178267357587,0.00327438288274749,0.753886010362694,291,255,13,150,52,61,145,218,153,0,138,0.660621761658031,0.0336787564766839,0.38860103626943,0.134715025906736,0.158031088082902,0.375647668393782,0.564766839378238,0.396373056994819,0,0.357512953367876
"9","CAFI_P003",717,6.02831688285275,0.00283744088774076,0.9198606271777,264,164,9,117,19,54,130,249,131,0,108,0.571428571428571,0.0313588850174216,0.407665505226481,0.0662020905923345,0.18815331010453,0.452961672473868,0.867595818815331,0.456445993031359,0,0.376306620209059
"10","CAFI_P005",495,5.51332160014194,0.00422224881755333,0.892100192678227,463,426,1,238,109,121,206,320,279,0,258,0.820809248554913,0.00192678227360308,0.458574181117534,0.210019267822736,0.233140655105973,0.396917148362235,0.616570327552986,0.53757225433526,0,0.497109826589595
"11","CAFI_P006",216,5.14836160230714,0.00542428372222875,0.284697508896797,80,55,0,11,0,3,11,66,18,0,20,0.195729537366548,0,0.0391459074733096,0,0.0106761565836299,0.0391459074733096,0.234875444839858,0.0640569395017794,0,0.0711743772241993
"12","CAFI_P007",186,4.29669202197996,0.00662292587973793,0.711688311688312,274,228,6,57,1,1,18,225,51,1,18,0.592207792207792,0.0155844155844156,0.148051948051948,0.0025974025974026,0.0025974025974026,0.0467532467532468,0.584415584415584,0.132467532467532,0.0025974025974026,0.0467532467532468
"13","CAFI_P008",823,5.77033417465471,0.00298328449776028,0.817708333333333,314,277,1,243,89,158,223,273,255,0,238,0.721354166666667,0.00260416666666667,0.6328125,0.231770833333333,0.411458333333333,0.580729166666667,0.7109375,0.6640625,0,0.619791666666667
"14","CAFI_P009",880,6.0376407292512,0.00243624263241744,0.836538461538462,435,362,15,225,69,143,249,400,238,0,258,0.696153846153846,0.0288461538461538,0.432692307692308,0.132692307692308,0.275,0.478846153846154,0.769230769230769,0.457692307692308,0,0.496153846153846
"15","CAFI_P010",871,5.99338169696247,0.00350693804269892,0.825704225352113,469,364,2,181,29,46,207,384,181,0,235,0.640845070422535,0.00352112676056338,0.318661971830986,0.051056338028169,0.0809859154929577,0.36443661971831,0.676056338028169,0.318661971830986,0,0.413732394366197
"16","CAFI_P011",818,6.20054882441425,0.00318488338495967,0.934383202099738,356,294,15,238,102,175,195,317,274,47,229,0.771653543307087,0.0393700787401575,0.624671916010499,0.267716535433071,0.459317585301837,0.511811023622047,0.832020997375328,0.719160104986877,0.123359580052493,0.601049868766404
"17","CAFI_P012",762,6.22377710015393,0.0024446333046377,0.899280575539568,250,225,3,135,40,69,131,232,157,0,147,0.809352517985611,0.0107913669064748,0.485611510791367,0.143884892086331,0.248201438848921,0.471223021582734,0.83453237410072,0.564748201438849,0,0.528776978417266
"18","CAFI_P013",1272,6.4983886619483,0.00394300037998748,0.8544474393531,317,255,28,181,49,43,237,277,197,0,162,0.68733153638814,0.0754716981132075,0.487870619946092,0.132075471698113,0.115902964959569,0.638814016172507,0.746630727762803,0.53099730458221,0,0.436657681940701
"19","CAFI_P014",1145,6.42945757008735,0.00243198979615644,0.912536443148688,313,214,14,196,41,79,177,211,223,0,176,0.623906705539359,0.0408163265306122,0.571428571428571,0.119533527696793,0.230320699708455,0.51603498542274,0.615160349854227,0.650145772594752,0,0.513119533527697
"20","CAFI_P015",869,6.19401848627211,0.00284581245490264,0.951048951048951,408,310,24,245,76,94,241,280,262,1,223,0.722610722610723,0.0559440559440559,0.571095571095571,0.177156177156177,0.219114219114219,0.561771561771562,0.652680652680653,0.610722610722611,0.00233100233100233,0.51981351981352
"21","CAFI_P016",912,6.00790811134547,0.00342878900892927,0.935211267605634,332,269,13,248,131,133,128,320,259,2,201,0.757746478873239,0.0366197183098592,0.698591549295775,0.369014084507042,0.374647887323944,0.36056338028169,0.901408450704225,0.729577464788732,0.00563380281690141,0.566197183098592
"22","CAFI_P017",769,5.9355985755847,0.00324309106581689,0.776699029126214,240,231,23,181,55,87,146,232,178,12,159,0.747572815533981,0.0744336569579288,0.585760517799353,0.177993527508091,0.281553398058252,0.472491909385113,0.750809061488673,0.576051779935275,0.0388349514563107,0.514563106796116
"23","CAFI_P020",767,6.22080070225829,0.00278646330779989,0.842696629213483,225,152,10,116,20,45,129,152,120,5,156,0.569288389513109,0.0374531835205993,0.434456928838951,0.0749063670411985,0.168539325842697,0.48314606741573,0.569288389513109,0.449438202247191,0.0187265917602996,0.584269662921348
"24","CAFI_P021",895,5.59569594401786,0.00330516382734739,0.855839416058394,469,419,8,186,40,89,378,441,170,0,191,0.764598540145985,0.0145985401459854,0.339416058394161,0.072992700729927,0.162408759124088,0.68978102189781,0.804744525547445,0.31021897810219,0,0.348540145985401
"25","CAFI_P022",522,5.69094601390925,0.00422595058725923,0.77027027027027,285,210,0,183,65,78,115,241,193,1,169,0.567567567567568,0,0.494594594594595,0.175675675675676,0.210810810810811,0.310810810810811,0.651351351351351,0.521621621621622,0.0027027027027027,0.456756756756757
"26","CAFI_P023",822,6.06986654184745,0.00231911547602393,0.625292740046838,267,175,3,177,44,63,154,188,176,0,204,0.40983606557377,0.00702576112412178,0.414519906323185,0.103044496487119,0.147540983606557,0.360655737704918,0.440281030444965,0.412177985948478,0,0.477751756440281
"27","CAFI_P025",806,6.01603282572756,0.00436623514187234,0.811428571428571,284,237,47,197,68,75,170,229,156,0,182,0.677142857142857,0.134285714285714,0.562857142857143,0.194285714285714,0.214285714285714,0.485714285714286,0.654285714285714,0.445714285714286,0,0.52
"28","CAFI_P026",1165,6.26063365205963,0.00513369179019305,0.955665024630542,388,272,74,255,103,84,284,332,291,0,243,0.669950738916256,0.182266009852217,0.62807881773399,0.253694581280788,0.206896551724138,0.699507389162562,0.817733990147783,0.716748768472906,0,0.598522167487685
"29","CAFI_P027",702,5.70549356464553,0.0043391868267668,0.826979472140763,282,241,6,92,36,32,149,199,174,1,171,0.706744868035191,0.0175953079178886,0.269794721407625,0.105571847507331,0.093841642228739,0.436950146627566,0.583577712609971,0.510263929618768,0.00293255131964809,0.501466275659824
"30","CAFI_P028",493,5.75659639709144,0.00316921052251107,0.524528301886792,139,109,0,87,10,26,72,126,71,0,82,0.411320754716981,0,0.328301886792453,0.0377358490566038,0.0981132075471698,0.271698113207547,0.475471698113208,0.267924528301887,0,0.309433962264151
"31","CAFI_P029",1281,6.63400539941347,0.00269823751044452,0.824615384615385,268,202,12,140,50,51,129,212,164,5,182,0.621538461538461,0.0369230769230769,0.430769230769231,0.153846153846154,0.156923076923077,0.396923076923077,0.652307692307692,0.504615384615385,0.0153846153846154,0.56
"32","CAFI_P030",789,5.85432182616465,0.00273873789413241,0.847938144329897,329,219,2,192,90,115,114,252,240,8,262,0.564432989690722,0.00515463917525773,0.494845360824742,0.231958762886598,0.29639175257732,0.293814432989691,0.649484536082474,0.618556701030928,0.0206185567010309,0.675257731958763
"33","CAFI_P032",701,5.81792480260462,0.00427289163681537,0.820289855072464,283,253,49,121,20,48,91,214,130,0,103,0.733333333333333,0.142028985507246,0.350724637681159,0.0579710144927536,0.139130434782609,0.263768115942029,0.620289855072464,0.376811594202899,0,0.298550724637681
"34","CAFI_P033",673,5.94939882718628,0.00322911837267854,0.826086956521739,285,269,0,107,33,48,134,168,143,0,136,0.779710144927536,0,0.310144927536232,0.0956521739130435,0.139130434782609,0.388405797101449,0.48695652173913,0.414492753623188,0,0.394202898550725
"35","CAFI_P034",1111,6.25403979734893,0.00485346797897902,0.941896024464832,308,236,14,167,31,25,142,252,250,0,215,0.7217125382263,0.0428134556574924,0.510703363914373,0.0948012232415902,0.0764525993883792,0.434250764525994,0.770642201834862,0.764525993883792,0,0.657492354740061
"36","CAFI_P035",863,6.28883985088818,0.00262856464759014,0.905908096280088,414,304,13,208,95,61,172,329,210,0,285,0.665207877461707,0.0284463894967177,0.455142231947484,0.207877461706783,0.133479212253829,0.37636761487965,0.719912472647702,0.459518599562363,0,0.62363238512035
"37","CAFI_P036",879,5.90139450910717,0.00394644994246135,0.928571428571429,429,352,109,293,149,185,266,355,295,9,341,0.761904761904762,0.235930735930736,0.634199134199134,0.322510822510823,0.4004329004329,0.575757575757576,0.768398268398268,0.638528138528139,0.0194805194805195,0.738095238095238
"38","CAFI_P039",819,6.0908229669298,0.00379022727893217,0.709677419354839,242,224,3,127,30,26,116,206,128,0,100,0.656891495601173,0.00879765395894428,0.372434017595308,0.0879765395894428,0.0762463343108504,0.340175953079179,0.604105571847507,0.375366568914956,0,0.293255131964809
"39","CAFI_P040",1173,6.40701027700134,0.00657706474884689,0.981549815498155,266,199,85,155,54,69,122,199,157,0,160,0.734317343173432,0.313653136531365,0.571955719557196,0.199261992619926,0.254612546125461,0.450184501845018,0.734317343173432,0.579335793357934,0,0.590405904059041
"40","CAFI_P041",761,6.13947235424386,0.00349388261789113,0.597523219814242,193,133,3,82,21,21,95,137,104,0,113,0.411764705882353,0.00928792569659443,0.253869969040248,0.065015479876161,0.065015479876161,0.294117647058824,0.424148606811146,0.321981424148607,0,0.34984520123839
"41","CAFI_P042",634,6.0318287962357,0.00454715164755857,0.604591836734694,237,222,3,110,27,43,129,179,119,0,114,0.566326530612245,0.0076530612244898,0.280612244897959,0.0688775510204082,0.10969387755102,0.329081632653061,0.456632653061224,0.303571428571429,0,0.290816326530612
"42","CAFI_P043",1044,6.04499104566017,0.00380950353036578,0.918072289156627,381,301,22,242,67,66,253,339,283,2,219,0.725301204819277,0.0530120481927711,0.583132530120482,0.16144578313253,0.159036144578313,0.609638554216868,0.816867469879518,0.681927710843373,0.00481927710843374,0.527710843373494
"43","CAFI_P044",479,5.34568874946629,0.00474364400694828,0.722222222222222,260,215,19,65,8,24,86,230,108,0,71,0.597222222222222,0.0527777777777778,0.180555555555556,0.0222222222222222,0.0666666666666667,0.238888888888889,0.638888888888889,0.3,0,0.197222222222222
"44","CAFI_P045",717,5.92378319640173,0.00293604744169365,0.6425,257,167,10,115,48,89,107,247,129,0,169,0.4175,0.025,0.2875,0.12,0.2225,0.2675,0.6175,0.3225,0,0.4225
"45","CAFI_P046",970,6.20283471924241,0.00205993143463352,0.836158192090395,296,217,7,149,25,78,151,245,161,0,213,0.612994350282486,0.019774011299435,0.42090395480226,0.0706214689265537,0.220338983050847,0.426553672316384,0.692090395480226,0.454802259887006,0,0.601694915254237
"46","CAFI_P047",532,5.91311690639904,0.00392918854909884,0.254716981132075,54,47,2,27,12,4,22,52,25,0,22,0.221698113207547,0.00943396226415094,0.127358490566038,0.0566037735849057,0.0188679245283019,0.10377358490566,0.245283018867925,0.117924528301887,0,0.10377358490566
"47","CAFI_P049",1006,5.56339600607649,0.00512920235720797,0.897959183673469,220,187,17,137,8,18,142,190,162,3,133,0.763265306122449,0.0693877551020408,0.559183673469388,0.0326530612244898,0.073469387755102,0.579591836734694,0.775510204081633,0.661224489795918,0.0122448979591837,0.542857142857143
"48","CAFI_P050",991,6.21835089767666,0.00398939173894473,0.845528455284553,312,148,7,96,15,13,115,222,183,1,159,0.401084010840108,0.018970189701897,0.260162601626016,0.040650406504065,0.035230352303523,0.311653116531165,0.601626016260163,0.495934959349593,0.002710027100271,0.430894308943089
"49","CAFI_P051",602,5.80849358307066,0.0037271118283557,0.87012987012987,335,313,0,105,25,36,169,236,150,3,132,0.812987012987013,0,0.272727272727273,0.0649350649350649,0.0935064935064935,0.438961038961039,0.612987012987013,0.38961038961039,0.00779220779220779,0.342857142857143
"50","CAFI_P052",636,6.02755552065153,0.00373667346281809,0.538152610441767,134,99,3,50,20,23,48,112,55,0,58,0.397590361445783,0.0120481927710843,0.200803212851406,0.0803212851405622,0.0923694779116466,0.192771084337349,0.449799196787149,0.220883534136546,0,0.232931726907631
"51","CAFI_P053",769,5.76624044153054,0.00590404425187966,0.962025316455696,380,180,123,242,115,111,134,207,301,0,247,0.455696202531646,0.311392405063291,0.612658227848101,0.291139240506329,0.281012658227848,0.339240506329114,0.524050632911392,0.762025316455696,0,0.625316455696203
"52","CAFI_P055",855,6.23510471651116,0.00242045009281509,0.492753623188406,238,201,4,124,45,51,115,227,151,0,130,0.416149068322981,0.0082815734989648,0.256728778467909,0.093167701863354,0.105590062111801,0.238095238095238,0.469979296066253,0.312629399585921,0,0.269151138716356
"53","CAFI_P056",987,5.82364024182021,0.00553467318289813,0.725075528700906,240,218,114,166,116,119,151,208,150,0,154,0.658610271903323,0.344410876132931,0.501510574018127,0.350453172205438,0.359516616314199,0.45619335347432,0.628398791540785,0.453172205438066,0,0.465256797583082
"54","CAFI_P057",845,6.35645883167333,0.00266159083879093,0.95475113122172,211,146,16,165,50,70,108,170,184,1,135,0.660633484162896,0.0723981900452489,0.746606334841629,0.226244343891403,0.316742081447964,0.48868778280543,0.769230769230769,0.832579185520362,0.00452488687782805,0.610859728506787
"55","CAFI_P058",601,5.87825804342793,0.00262666350745537,0.798679867986799,242,176,2,120,46,78,104,219,147,0,147,0.580858085808581,0.0066006600660066,0.396039603960396,0.151815181518152,0.257425742574257,0.343234323432343,0.722772277227723,0.485148514851485,0,0.485148514851485
"56","CAFI_P060",1056,6.50581192220243,0.00309484279380041,0.81453634085213,325,248,38,161,68,85,182,264,196,0,238,0.621553884711779,0.0952380952380952,0.403508771929825,0.170426065162907,0.213032581453634,0.456140350877193,0.661654135338346,0.491228070175439,0,0.596491228070175
"57","CAFI_P061",814,6.19159894883747,0.00279890690229363,0.899641577060932,251,230,2,139,54,44,153,184,147,0,137,0.824372759856631,0.00716845878136201,0.49820788530466,0.193548387096774,0.157706093189964,0.548387096774194,0.659498207885305,0.526881720430108,0,0.491039426523298
"58","CAFI_P062",531,5.64070837112909,0.00506455015063988,0.639705882352941,174,137,26,62,30,25,88,154,71,0,69,0.503676470588235,0.0955882352941176,0.227941176470588,0.110294117647059,0.0919117647058824,0.323529411764706,0.566176470588235,0.261029411764706,0,0.253676470588235
"59","CAFI_P063",621,5.97402739132001,0.00362230634233207,0.641025641025641,150,129,3,76,18,34,89,127,79,0,100,0.551282051282051,0.0128205128205128,0.324786324786325,0.0769230769230769,0.145299145299145,0.38034188034188,0.542735042735043,0.337606837606838,0,0.427350427350427
"60","CAFI_P064",730,6.15205684563811,0.00317565252126495,0.822463768115942,227,182,2,89,19,31,80,188,96,0,87,0.659420289855073,0.0072463768115942,0.322463768115942,0.0688405797101449,0.11231884057971,0.289855072463768,0.681159420289855,0.347826086956522,0,0.315217391304348
"61","CAFI_P067",918,6.04818359891689,0.00307289284179991,0.936893203883495,386,296,14,250,96,128,243,340,318,0,334,0.718446601941748,0.0339805825242718,0.606796116504854,0.233009708737864,0.310679611650485,0.589805825242718,0.825242718446602,0.771844660194175,0,0.810679611650485
"62","CAFI_P069",867,6.20952556302854,0.00281452292771745,0.72093023255814,248,225,2,165,84,91,107,236,141,0,166,0.65406976744186,0.00581395348837209,0.479651162790698,0.244186046511628,0.26453488372093,0.311046511627907,0.686046511627907,0.409883720930233,0,0.482558139534884
"63","CAFI_P070",1161,6.53508696430589,0.00273002449154288,0.854285714285714,299,260,18,193,112,109,139,275,216,0,204,0.742857142857143,0.0514285714285714,0.551428571428571,0.32,0.311428571428571,0.397142857142857,0.785714285714286,0.617142857142857,0,0.582857142857143
"64","CAFI_P071",790,6.02830513654076,0.00258133966978831,0.835078534031414,319,255,6,239,97,115,151,269,252,0,193,0.667539267015707,0.0157068062827225,0.62565445026178,0.253926701570681,0.301047120418848,0.395287958115183,0.704188481675393,0.659685863874346,0,0.505235602094241
"65","CAFI_P072",782,6.05405510768366,0.00215306333260778,0.969387755102041,380,332,1,280,82,129,258,347,343,1,306,0.846938775510204,0.00255102040816327,0.714285714285714,0.209183673469388,0.329081632653061,0.658163265306122,0.885204081632653,0.875,0.00255102040816327,0.780612244897959
"66","CAFI_P073",1287,6.44759022298878,0.00254306891582222,0.802439024390244,329,272,7,216,78,111,214,271,247,5,217,0.663414634146341,0.0170731707317073,0.526829268292683,0.190243902439024,0.270731707317073,0.521951219512195,0.660975609756098,0.602439024390244,0.0121951219512195,0.529268292682927
"67","CAFI_P074",964,6.42421962627832,0.00256741936348389,0.834101382488479,362,276,8,215,57,79,206,283,251,3,202,0.63594470046083,0.0184331797235023,0.495391705069124,0.131336405529954,0.182027649769585,0.474654377880184,0.652073732718894,0.578341013824885,0.00691244239631336,0.465437788018433
"68","CAFI_P075",1065,6.18946314686343,0.00311761577224863,0.859956236323851,393,343,15,219,89,104,271,346,252,9,296,0.75054704595186,0.0328227571115974,0.479212253829322,0.194748358862144,0.227571115973742,0.592997811816193,0.757111597374179,0.551422319474836,0.0196936542669584,0.647702407002188
"69","CAFI_P077",498,5.08657911325968,0.00663192907611575,0.922600619195046,298,220,30,95,0,32,110,251,65,0,91,0.681114551083591,0.0928792569659443,0.294117647058824,0,0.0990712074303406,0.340557275541796,0.777089783281734,0.201238390092879,0,0.281733746130031
"70","CAFI_P078",858,6.05598112250209,0.00540078065510712,0.969040247678019,313,248,16,90,14,20,100,170,74,0,121,0.767801857585139,0.0495356037151703,0.278637770897833,0.043343653250774,0.0619195046439628,0.309597523219814,0.526315789473684,0.229102167182663,0,0.374613003095975
"71","CAFI_P079",560,5.86166977075254,0.00419818609297173,0.772093023255814,166,112,0,44,12,18,55,141,77,3,92,0.52093023255814,0,0.204651162790698,0.0558139534883721,0.0837209302325581,0.255813953488372,0.655813953488372,0.358139534883721,0.013953488372093,0.427906976744186
"72","CAFI_P080",586,5.44610570523995,0.00654377267408642,0.764,191,159,13,141,57,15,142,163,75,0,143,0.636,0.052,0.564,0.228,0.06,0.568,0.652,0.3,0,0.572
"73","CAFI_P081",805,5.79661318593868,0.003590133054571,0.894957983193277,426,393,7,314,99,99,286,372,351,0,301,0.82563025210084,0.0147058823529412,0.659663865546218,0.207983193277311,0.207983193277311,0.600840336134454,0.781512605042017,0.737394957983193,0,0.63235294117647
"74","CAFI_P082",376,5.36478616565114,0.00606399142894393,0.981900452488688,217,95,34,74,7,3,69,160,69,0,73,0.429864253393665,0.153846153846154,0.334841628959276,0.0316742081447964,0.0135746606334842,0.312217194570136,0.723981900452489,0.312217194570136,0,0.330316742081448
"75","NRI_P001",878,6.18950925609504,0.0029586208229668,0.856770833333333,329,190,2,132,23,56,164,255,249,0,176,0.494791666666667,0.00520833333333333,0.34375,0.0598958333333333,0.145833333333333,0.427083333333333,0.6640625,0.6484375,0,0.458333333333333
"76","NRI_P002",1172,6.41522754976506,0.0033278221289369,0.821078431372549,335,255,53,153,25,50,224,292,208,0,178,0.625,0.129901960784314,0.375,0.0612745098039216,0.122549019607843,0.549019607843137,0.715686274509804,0.509803921568627,0,0.436274509803922
"77","NRI_P003",1072,5.34103326334782,0.00655500736835002,0.893309222423146,494,434,259,326,267,281,303,394,352,0,320,0.784810126582278,0.468354430379747,0.589511754068716,0.482820976491863,0.508137432188065,0.547920433996383,0.7124773960217,0.636528028933092,0,0.578661844484629
"78","NRI_P006",1142,6.37401832188567,0.00320518169474702,0.901673640167364,431,290,20,271,62,86,215,312,280,0,271,0.606694560669456,0.0418410041841004,0.566945606694561,0.129707112970711,0.179916317991632,0.44979079497908,0.652719665271967,0.585774058577406,0,0.566945606694561
"79","NRI_P008",1014,6.0710229697097,0.00242840355066576,0.755381604696673,386,326,20,194,34,115,184,324,213,1,201,0.637964774951076,0.0391389432485323,0.379647749510763,0.0665362035225049,0.225048923679061,0.360078277886497,0.634050880626223,0.416829745596869,0.00195694716242661,0.39334637964775
"80","NRI_P010",928,6.07553012608521,0.00219939339265554,0.82,328,302,1,195,35,89,188,300,208,3,204,0.755,0.0025,0.4875,0.0875,0.2225,0.47,0.75,0.52,0.0075,0.51
"81","NRI_P012",961,6.51015175983374,0.00406249135311654,0.613636363636364,297,202,14,101,11,11,75,203,113,6,127,0.417355371900826,0.0289256198347107,0.208677685950413,0.0227272727272727,0.0227272727272727,0.15495867768595,0.419421487603306,0.233471074380165,0.012396694214876,0.262396694214876
"82","NRI_P014",670,6.11427495179894,0.00361318713587018,0.506550218340611,232,193,15,133,60,50,144,195,175,0,153,0.421397379912664,0.0327510917030568,0.290393013100437,0.131004366812227,0.109170305676856,0.314410480349345,0.425764192139738,0.382096069868996,0,0.334061135371179
"83","NRI_P015",569,5.57440723515876,0.00706945429349607,0.602996254681648,322,236,70,206,62,78,167,225,214,3,119,0.441947565543071,0.131086142322097,0.385767790262172,0.116104868913858,0.146067415730337,0.312734082397004,0.421348314606742,0.400749063670412,0.00561797752808989,0.222846441947566
"84","NRI_P016",1174,6.69232424583586,0.00293392965991453,0.64406779661017,228,150,12,101,30,30,102,203,144,0,95,0.423728813559322,0.0338983050847458,0.285310734463277,0.0847457627118644,0.0847457627118644,0.288135593220339,0.573446327683616,0.406779661016949,0,0.268361581920904
"85","NRI_P017",932,6.06428104531886,0.0033550614337244,0.786447638603696,383,277,15,151,46,38,118,339,157,0,160,0.568788501026694,0.0308008213552361,0.31006160164271,0.0944558521560575,0.0780287474332649,0.242299794661191,0.696098562628337,0.322381930184805,0,0.328542094455852
"86","NRI_P018",549,5.67456765641951,0.00315618290470551,0.408510638297872,192,158,1,97,34,62,98,164,99,0,129,0.336170212765957,0.00212765957446809,0.206382978723404,0.0723404255319149,0.131914893617021,0.208510638297872,0.348936170212766,0.21063829787234,0,0.274468085106383
"87","NRI_P020",865,6.23969583948602,0.00229508865198004,0.745059288537549,377,256,24,201,38,94,173,312,241,8,271,0.505928853754941,0.0474308300395257,0.397233201581028,0.075098814229249,0.185770750988142,0.341897233201581,0.616600790513834,0.476284584980237,0.0158102766798419,0.535573122529644
"88","NRI_P021",567,5.78592345261514,0.0039752720223038,0.339468302658487,166,146,11,124,30,41,117,154,142,0,129,0.298568507157464,0.0224948875255624,0.253578732106339,0.0613496932515337,0.0838445807770961,0.239263803680982,0.314928425357873,0.29038854805726,0,0.263803680981595
"89","NRI_P022",865,6.22234888284555,0.00228867383335278,0.463942307692308,193,167,11,111,21,36,110,181,135,1,105,0.401442307692308,0.0264423076923077,0.266826923076923,0.0504807692307692,0.0865384615384615,0.264423076923077,0.435096153846154,0.324519230769231,0.00240384615384615,0.252403846153846
"90","NRI_P023",996,6.46800676752786,0.00324889188597164,0.537037037037037,203,123,5,66,25,29,76,194,78,3,85,0.325396825396825,0.0132275132275132,0.174603174603175,0.0661375661375661,0.0767195767195767,0.201058201058201,0.513227513227513,0.206349206349206,0.00793650793650794,0.224867724867725
"91","NRI_P024",840,6.27796547075884,0.0033765816771476,0.417690417690418,170,114,12,79,19,30,69,119,99,2,103,0.28009828009828,0.0294840294840295,0.194103194103194,0.0466830466830467,0.0737100737100737,0.16953316953317,0.292383292383292,0.243243243243243,0.00491400491400491,0.253071253071253
"92","NRI_P025",455,5.21608963342224,0.00501553635839994,0.608,304,241,10,237,122,132,130,252,280,0,242,0.482,0.02,0.474,0.244,0.264,0.26,0.504,0.56,0,0.484
"93","NRI_P027",958,6.21945871990612,0.0026003138948792,0.748407643312102,235,167,11,121,25,38,129,191,158,0,142,0.531847133757962,0.035031847133758,0.385350318471338,0.0796178343949045,0.121019108280255,0.410828025477707,0.60828025477707,0.503184713375796,0,0.452229299363057
"94","NRI_P028",821,6.00940625367856,0.00408988944072024,0.831775700934579,267,229,14,182,26,31,123,231,157,2,120,0.713395638629283,0.043613707165109,0.566978193146417,0.0809968847352025,0.0965732087227414,0.383177570093458,0.719626168224299,0.489096573208723,0.00623052959501558,0.373831775700935
"95","NRI_P029",696,5.85838120542604,0.00283421592560533,0.811550151975684,267,237,2,187,58,90,128,253,185,0,190,0.720364741641337,0.0060790273556231,0.56838905775076,0.17629179331307,0.27355623100304,0.389057750759878,0.768996960486322,0.562310030395137,0,0.577507598784195
"96","NRI_P030",819,6.22994915097149,0.00275077629602395,0.684587813620072,191,129,2,71,17,21,77,176,97,1,124,0.462365591397849,0.00716845878136201,0.254480286738351,0.0609318996415771,0.0752688172043011,0.275985663082437,0.630824372759857,0.347670250896057,0.003584229390681,0.444444444444444
"97","NRI_P031",1301,6.6030753694095,0.00202747910798358,0.901515151515151,476,411,34,290,67,95,205,414,299,0,232,0.778409090909091,0.0643939393939394,0.549242424242424,0.126893939393939,0.179924242424242,0.388257575757576,0.784090909090909,0.566287878787879,0,0.439393939393939
"98","NRI_P032",588,5.87972212736001,0.00312203748840524,0.455056179775281,243,225,0,105,45,32,139,227,165,0,145,0.421348314606742,0,0.196629213483146,0.0842696629213483,0.0599250936329588,0.260299625468165,0.425093632958801,0.308988764044944,0,0.271535580524345
"99","NRI_P033",455,5.77385169166088,0.00731940064954529,0.45619335347432,151,94,24,55,21,17,102,100,94,8,55,0.283987915407855,0.0725075528700906,0.166163141993958,0.0634441087613293,0.0513595166163142,0.308157099697885,0.302114803625378,0.283987915407855,0.0241691842900302,0.166163141993958
"100","NRI_P034",627,5.74587016731777,0.00289996394911368,0.684303350970018,388,343,5,144,15,55,115,354,144,2,169,0.604938271604938,0.00881834215167548,0.253968253968254,0.0264550264550265,0.0970017636684303,0.202821869488536,0.624338624338624,0.253968253968254,0.00352733686067019,0.298059964726631
"101","NRI_P035",905,6.02806935903847,0.00296965694647055,0.795698924731183,296,167,1,115,14,38,140,177,134,2,218,0.448924731182796,0.00268817204301075,0.309139784946237,0.0376344086021505,0.102150537634409,0.376344086021505,0.475806451612903,0.360215053763441,0.00537634408602151,0.586021505376344
"102","NRI_P036",425,5.49029720572418,0.00531310715918358,0.140625,54,48,0,42,6,10,41,51,37,0,40,0.125,0,0.109375,0.015625,0.0260416666666667,0.106770833333333,0.1328125,0.0963541666666667,0,0.104166666666667
"103","NRI_P037",697,5.88793698397706,0.00278425250534694,0.574837310195228,265,203,1,122,22,67,128,224,168,1,171,0.440347071583514,0.00216919739696312,0.264642082429501,0.0477223427331887,0.145336225596529,0.27765726681128,0.48590021691974,0.364425162689805,0.00216919739696312,0.370932754880694
"104","NRI_P038",1091,6.20561118768547,0.00229238689062961,0.784653465346535,317,241,9,171,28,84,166,283,177,3,167,0.596534653465347,0.0222772277227723,0.423267326732673,0.0693069306930693,0.207920792079208,0.410891089108911,0.70049504950495,0.438118811881188,0.00742574257425743,0.413366336633663
"105","NRI_P039",900,6.24175541902183,0.00275271233236739,0.66358024691358,215,158,4,107,37,28,102,196,149,0,139,0.487654320987654,0.0123456790123457,0.330246913580247,0.114197530864198,0.0864197530864197,0.314814814814815,0.604938271604938,0.459876543209877,0,0.429012345679012
"106","NRI_P040",592,5.65252813577021,0.00286320970298502,0.675287356321839,235,164,8,97,13,50,97,211,130,0,157,0.471264367816092,0.0229885057471264,0.278735632183908,0.0373563218390805,0.14367816091954,0.278735632183908,0.60632183908046,0.373563218390805,0,0.451149425287356
"107","NRI_P041",994,6.39729701496016,0.00246998094952216,0.769005847953216,263,192,19,107,33,57,110,222,131,0,132,0.56140350877193,0.0555555555555556,0.312865497076023,0.0964912280701754,0.166666666666667,0.321637426900585,0.649122807017544,0.383040935672515,0,0.385964912280702
"108","NRI_P046",711,6.08411302075728,0.00426357182601125,0.81,243,204,28,92,33,36,110,228,99,0,101,0.68,0.0933333333333333,0.306666666666667,0.11,0.12,0.366666666666667,0.76,0.33,0,0.336666666666667
"109","NRI_P047",733,6.19045468160809,0.002052498048903,0.443762781186094,217,185,3,157,71,89,124,199,161,0,177,0.378323108384458,0.00613496932515337,0.321063394683027,0.14519427402863,0.18200408997955,0.253578732106339,0.406952965235174,0.329243353783231,0,0.361963190184049
"110","NRI_P048",669,5.87411087899165,0.00242881516932663,0.715859030837004,325,264,3,155,26,88,164,303,183,0,222,0.581497797356828,0.0066079295154185,0.341409691629956,0.0572687224669604,0.193832599118943,0.361233480176211,0.667400881057269,0.403083700440529,0,0.488986784140969
"111","NRI_P049",1135,5.94419023603617,0.00350547328312703,0.891107078039927,491,429,7,233,80,130,370,431,282,0,433,0.778584392014519,0.0127041742286751,0.422867513611615,0.14519056261343,0.235934664246824,0.671506352087114,0.782214156079855,0.511796733212341,0,0.78584392014519
"112","NRI_P050",681,5.8965711215887,0.00526443970429727,0.587301587301587,296,262,88,265,204,145,202,264,269,0,255,0.51984126984127,0.174603174603175,0.525793650793651,0.404761904761905,0.287698412698413,0.400793650793651,0.523809523809524,0.533730158730159,0,0.505952380952381
"113","NRI_P051",573,5.3895555726417,0.00598838157496385,0.522144522144522,224,181,119,164,145,140,144,194,171,0,202,0.421911421911422,0.277389277389277,0.382284382284382,0.337995337995338,0.326340326340326,0.335664335664336,0.452214452214452,0.398601398601399,0,0.470862470862471
"114","NRI_P052",482,6.01158784189625,0.00563627240562001,0.185454545454545,51,50,12,35,11,13,41,51,33,0,36,0.181818181818182,0.0436363636363636,0.127272727272727,0.04,0.0472727272727273,0.149090909090909,0.185454545454545,0.12,0,0.130909090909091
"115","NRI_P053",855,6.17023816480299,0.00242009672965469,0.880778588807786,362,199,10,167,28,72,126,220,152,0,268,0.484184914841849,0.024330900243309,0.40632603406326,0.0681265206812652,0.175182481751825,0.306569343065693,0.535279805352798,0.369829683698297,0,0.652068126520681
"116","NRI_P057",504,5.60246484238499,0.00462240038538395,0.388802488335925,250,207,1,127,60,11,133,217,164,4,176,0.321928460342146,0.0015552099533437,0.19751166407465,0.0933125972006221,0.0171073094867807,0.206842923794712,0.337480559875583,0.255054432348367,0.0062208398133748,0.273716951788491
"117","NRI_P058",366,4.82983504030064,0.00636247815290506,0.451942740286299,221,160,2,113,86,3,132,190,164,0,141,0.32719836400818,0.00408997955010225,0.231083844580777,0.175869120654397,0.00613496932515337,0.269938650306748,0.388548057259714,0.335378323108384,0,0.288343558282209
"118","NRI_P059",875,5.95002144719827,0.00219357493398796,0.699731903485255,261,248,8,178,36,89,179,256,161,6,183,0.664879356568365,0.0214477211796247,0.477211796246649,0.096514745308311,0.238605898123324,0.479892761394102,0.686327077747989,0.431635388739946,0.0160857908847185,0.490616621983914
"119","NRI_P062",885,6.17746469284802,0.00400463248275497,0.826666666666667,310,213,4,176,20,38,155,242,245,16,180,0.568,0.0106666666666667,0.469333333333333,0.0533333333333333,0.101333333333333,0.413333333333333,0.645333333333333,0.653333333333333,0.0426666666666667,0.48
"120","NRI_P063",1249,6.23873750515196,0.00392813181121163,0.891089108910891,450,322,21,200,113,114,174,403,349,0,237,0.637623762376238,0.0415841584158416,0.396039603960396,0.223762376237624,0.225742574257426,0.344554455445545,0.798019801980198,0.691089108910891,0,0.469306930693069
"121","NRI_P067",366,5.49071887901965,0.00483993916314437,0.633064516129032,314,270,7,84,19,45,177,301,170,0,222,0.544354838709677,0.0141129032258065,0.169354838709677,0.0383064516129032,0.0907258064516129,0.356854838709677,0.606854838709677,0.342741935483871,0,0.44758064516129
"122","NRI_P068",1371,6.6592837513211,0.00426205865166048,0.894348894348894,364,225,7,94,11,17,128,212,159,1,209,0.552825552825553,0.0171990171990172,0.230958230958231,0.027027027027027,0.0417690417690418,0.314496314496314,0.520884520884521,0.390663390663391,0.00245700245700246,0.513513513513513
"123","NRI_P069",882,5.63855142476732,0.00647126555762427,0.855524079320113,302,247,135,222,118,122,180,265,204,0,186,0.69971671388102,0.382436260623229,0.628895184135977,0.334277620396601,0.345609065155807,0.509915014164306,0.75070821529745,0.577903682719547,0,0.526912181303116
"124","NRI_P070",1266,6.30727136070595,0.00244331200285843,0.697754749568221,404,326,6,267,62,84,218,341,311,0,257,0.563039723661485,0.0103626943005181,0.461139896373057,0.107081174438687,0.145077720207254,0.376511226252159,0.588946459412781,0.53713298791019,0,0.443868739205527
"125","NRI_P071",627,5.95128919595539,0.00306180410142345,0.615023474178404,262,199,0,83,14,37,96,205,120,0,105,0.467136150234742,0,0.194835680751174,0.0328638497652582,0.0868544600938967,0.225352112676056,0.481220657276995,0.28169014084507,0,0.246478873239437
"126","NRI_P073",1079,6.36389136038296,0.00579658990896771,0.919354838709677,285,212,60,152,87,96,107,240,219,0,110,0.683870967741935,0.193548387096774,0.490322580645161,0.280645161290323,0.309677419354839,0.345161290322581,0.774193548387097,0.706451612903226,0,0.354838709677419
"127","NRI_P074",1098,6.32097577875215,0.00441215286332334,0.85,306,244,48,120,10,60,120,264,123,0,73,0.677777777777778,0.133333333333333,0.333333333333333,0.0277777777777778,0.166666666666667,0.333333333333333,0.733333333333333,0.341666666666667,0,0.202777777777778
"128","NRI_P075",1218,6.68499554512888,0.00264783782696611,0.79016393442623,241,189,9,110,26,35,105,198,123,2,127,0.619672131147541,0.0295081967213115,0.360655737704918,0.0852459016393443,0.114754098360656,0.344262295081967,0.649180327868852,0.40327868852459,0.00655737704918033,0.416393442622951
"129","NRI_P076",1335,6.21709988878677,0.00249328380893958,0.893305439330544,427,327,9,333,74,130,270,339,348,0,269,0.684100418410042,0.0188284518828452,0.696652719665272,0.154811715481172,0.271966527196653,0.564853556485356,0.709205020920502,0.728033472803347,0,0.562761506276151
"130","NRI_P077",860,6.23830642492462,0.00328715378480531,0.329145728643216,131,95,10,78,36,33,65,101,86,0,93,0.238693467336683,0.0251256281407035,0.195979899497487,0.0904522613065327,0.0829145728643216,0.163316582914573,0.253768844221106,0.21608040201005,0,0.233668341708543
"131","NRI_P078",939,6.31334811434476,0.00328282643860358,0.785915492957746,279,146,4,131,31,27,111,208,184,3,216,0.411267605633803,0.0112676056338028,0.369014084507042,0.0873239436619718,0.076056338028169,0.312676056338028,0.585915492957746,0.51830985915493,0.00845070422535211,0.608450704225352
"132","NRI_P080",777,6.03421162581473,0.00440445278607264,0.717579250720461,249,144,2,67,3,11,52,109,75,0,110,0.414985590778098,0.00576368876080692,0.193083573487032,0.00864553314121038,0.031700288184438,0.14985590778098,0.314121037463977,0.216138328530259,0,0.31700288184438
"133","NRI_P081",702,5.87444050361491,0.00331340180998929,0.888625592417062,375,246,39,156,16,51,147,240,137,0,225,0.582938388625592,0.0924170616113744,0.369668246445498,0.037914691943128,0.12085308056872,0.348341232227488,0.568720379146919,0.324644549763033,0,0.533175355450237
"134","NRI_P082",523,5.93304911381276,0.00614966778715789,0.761316872427984,185,109,13,99,10,19,57,114,103,0,31,0.448559670781893,0.0534979423868313,0.407407407407407,0.0411522633744856,0.0781893004115226,0.234567901234568,0.469135802469136,0.423868312757202,0,0.127572016460905
"135","NRI_P083",682,5.93989674233761,0.00313047535121201,0.671140939597315,300,226,2,100,15,42,90,258,110,0,147,0.505592841163311,0.00447427293064877,0.223713646532438,0.0335570469798658,0.0939597315436242,0.201342281879195,0.577181208053691,0.246085011185682,0,0.328859060402685
"136","NRI_P084",848,6.19715215661678,0.00394867576417312,0.887459807073955,276,67,6,52,3,14,44,106,77,0,217,0.215434083601286,0.0192926045016077,0.167202572347267,0.00964630225080386,0.045016077170418,0.141479099678457,0.340836012861736,0.247588424437299,0,0.697749196141479
"137","NRI_P085",957,6.28432843823574,0.00347284861050488,0.798561151079137,222,112,3,66,9,16,60,166,108,0,141,0.402877697841727,0.0107913669064748,0.237410071942446,0.0323741007194245,0.0575539568345324,0.215827338129496,0.597122302158273,0.388489208633094,0,0.507194244604317
"138","NRI_P086",894,6.31526961109054,0.00212272155524475,0.835135135135135,309,190,5,116,24,48,114,225,128,0,205,0.513513513513513,0.0135135135135135,0.313513513513514,0.0648648648648649,0.12972972972973,0.308108108108108,0.608108108108108,0.345945945945946,0,0.554054054054054
"139","NRI_P089",865,6.09389625098959,0.00286969180810921,0.820610687022901,215,136,11,113,10,48,116,156,128,2,117,0.519083969465649,0.0419847328244275,0.431297709923664,0.0381679389312977,0.183206106870229,0.442748091603053,0.595419847328244,0.488549618320611,0.00763358778625954,0.446564885496183
"140","NRI_P090",768,6.08732756244251,0.00421393774179238,0.784246575342466,229,177,23,112,36,39,129,195,150,0,108,0.606164383561644,0.0787671232876712,0.383561643835616,0.123287671232877,0.133561643835616,0.441780821917808,0.667808219178082,0.513698630136986,0,0.36986301369863
"141","NRI_P091",271,5.06243962461352,0.00861887085808087,0.51048951048951,146,130,3,96,0,0,89,115,42,0,3,0.454545454545455,0.0104895104895105,0.335664335664336,0,0,0.311188811188811,0.402097902097902,0.146853146853147,0,0.0104895104895105
"142","NRI_P093",320,5.40793262590525,0.00579620742092945,0.311320754716981,66,47,8,53,16,26,25,59,57,0,37,0.221698113207547,0.0377358490566038,0.25,0.0754716981132075,0.122641509433962,0.117924528301887,0.278301886792453,0.268867924528302,0,0.174528301886792
"143","NRI_P094",389,5.46031499467106,0.00635885023974861,0.401360544217687,118,80,20,72,4,24,56,100,96,0,59,0.272108843537415,0.0680272108843537,0.244897959183673,0.0136054421768707,0.0816326530612245,0.19047619047619,0.340136054421769,0.326530612244898,0,0.200680272108844
"144","NRI_P099",711,5.82638796659091,0.0037688070801973,0.794212218649518,247,178,16,139,10,54,128,209,114,4,88,0.572347266881029,0.0514469453376206,0.446945337620579,0.0321543408360129,0.173633440514469,0.411575562700965,0.672025723472669,0.366559485530547,0.0128617363344051,0.282958199356913
"145","NRI_P101",671,5.80117514877837,0.00362574995813367,0.825958702064897,280,154,9,83,6,37,80,206,114,0,161,0.454277286135693,0.0265486725663717,0.244837758112094,0.0176991150442478,0.109144542772861,0.23598820058997,0.607669616519174,0.336283185840708,0,0.474926253687316
"146","NRI_P103",809,6.02175708674084,0.0049549230066248,0.885558583106267,325,156,21,88,26,25,120,269,151,0,111,0.425068119891008,0.0572207084468665,0.239782016348774,0.0708446866485014,0.0681198910081744,0.326975476839237,0.732970027247956,0.411444141689373,0,0.302452316076294
"147","NRI_P104",463,5.75350011983783,0.00407989376591128,0.692946058091286,167,109,5,59,4,15,54,150,84,0,105,0.452282157676349,0.020746887966805,0.244813278008299,0.016597510373444,0.0622406639004149,0.224066390041494,0.622406639004149,0.348547717842324,0,0.435684647302905
"148","NRI_P105",489,5.73645578959938,0.00486287513597393,0.451957295373665,127,82,5,72,14,10,44,102,108,0,88,0.291814946619217,0.0177935943060498,0.256227758007117,0.0498220640569395,0.0355871886120996,0.156583629893238,0.362989323843416,0.384341637010676,0,0.313167259786477
"149","NRI_P106",994,6.20698472011593,0.00225036986095021,0.767857142857143,301,211,6,142,17,62,135,250,148,1,189,0.538265306122449,0.0153061224489796,0.362244897959184,0.0433673469387755,0.158163265306122,0.344387755102041,0.637755102040816,0.377551020408163,0.00255102040816327,0.482142857142857
"150","NRI_P107",463,5.78842540943911,0.00340885837919183,0.488317757009346,209,159,11,125,25,56,139,184,169,0,172,0.371495327102804,0.0257009345794393,0.292056074766355,0.058411214953271,0.130841121495327,0.324766355140187,0.429906542056075,0.394859813084112,0,0.401869158878505
"151","NRI_P108",925,6.08356349219937,0.00255572015662682,0.810240963855422,269,159,4,115,19,48,106,213,184,0,206,0.478915662650602,0.0120481927710843,0.346385542168675,0.0572289156626506,0.144578313253012,0.319277108433735,0.641566265060241,0.55421686746988,0,0.620481927710843
"152","NRI_P109",566,5.64772650962209,0.00383053045946777,0.595360824742268,231,190,21,160,24,77,173,218,210,0,190,0.489690721649485,0.0541237113402062,0.412371134020619,0.0618556701030928,0.198453608247423,0.445876288659794,0.561855670103093,0.541237113402062,0,0.489690721649485
"153","NRI_P110",1052,6.08112928356413,0.00232272911840204,0.705756929637527,331,225,6,163,25,87,180,251,240,0,233,0.479744136460554,0.0127931769722814,0.347547974413646,0.0533049040511727,0.185501066098081,0.383795309168444,0.535181236673774,0.511727078891258,0,0.49680170575693
"154","NRI_P113",340,5.33246464695605,0.00513981458266033,0.416184971098266,144,105,14,85,8,18,63,142,117,0,87,0.303468208092486,0.0404624277456647,0.245664739884393,0.023121387283237,0.0520231213872832,0.182080924855491,0.410404624277457,0.338150289017341,0,0.251445086705202
"155","NRI_P114",306,5.02205935430864,0.00537972717845865,0.313664596273292,101,93,2,31,2,7,30,99,54,0,32,0.288819875776398,0.0062111801242236,0.0962732919254658,0.0062111801242236,0.0217391304347826,0.093167701863354,0.307453416149068,0.167701863354037,0,0.0993788819875776
"156","NRI_P115",359,5.42844691442279,0.00427174937969271,0.59016393442623,108,76,0,45,2,17,61,85,71,0,55,0.415300546448087,0,0.245901639344262,0.0109289617486339,0.092896174863388,0.333333333333333,0.46448087431694,0.387978142076503,0,0.300546448087432
"157","NRI_P118",1039,6.37727900287581,0.00247345062713861,0.565533980582524,233,209,5,134,33,70,141,193,153,5,166,0.507281553398058,0.0121359223300971,0.325242718446602,0.0800970873786408,0.169902912621359,0.342233009708738,0.468446601941748,0.371359223300971,0.0121359223300971,0.402912621359223
"158","NRI_P119",961,6.32886035749081,0.00311449432274636,0.906698564593301,379,253,25,181,46,59,153,276,195,0,197,0.605263157894737,0.0598086124401914,0.433014354066986,0.110047846889952,0.141148325358852,0.366028708133971,0.660287081339713,0.466507177033493,0,0.471291866028708
"159","NRI_P120",842,6.1200559630898,0.00496028349934656,0.800524934383202,305,204,33,135,37,41,97,196,123,0,115,0.535433070866142,0.0866141732283465,0.354330708661417,0.0971128608923885,0.10761154855643,0.254593175853018,0.514435695538058,0.322834645669291,0,0.301837270341207
"160","NRI_P122",892,6.37017613693895,0.0026865361196857,0.793577981651376,346,306,13,162,55,41,156,268,157,0,132,0.701834862385321,0.0298165137614679,0.371559633027523,0.126146788990826,0.0940366972477064,0.357798165137615,0.614678899082569,0.360091743119266,0,0.302752293577982
"161","NRI_P123",1272,6.58041492673376,0.00226574613388038,0.919191919191919,364,222,11,209,48,47,174,268,260,1,267,0.560606060606061,0.0277777777777778,0.527777777777778,0.121212121212121,0.118686868686869,0.439393939393939,0.676767676767677,0.656565656565657,0.00252525252525253,0.674242424242424
"162","NRI_P124",492,5.59051121433362,0.00249342499952097,0.468330134357006,244,239,0,157,36,98,116,242,152,0,142,0.45873320537428,0,0.301343570057582,0.0690978886756238,0.18809980806142,0.222648752399232,0.464491362763916,0.291746641074856,0,0.272552783109405
"163","NRI_P125",473,5.88248475289768,0.00829767894890143,0.792207792207792,61,44,11,34,6,6,29,53,40,0,17,0.571428571428571,0.142857142857143,0.441558441558442,0.0779220779220779,0.0779220779220779,0.376623376623377,0.688311688311688,0.519480519480519,0,0.220779220779221
"164","NRI_P126",403,5.42988860418003,0.00323200146906568,0.295348837209302,127,100,1,68,9,37,52,123,82,0,78,0.232558139534884,0.00232558139534884,0.158139534883721,0.0209302325581395,0.086046511627907,0.12093023255814,0.286046511627907,0.190697674418605,0,0.181395348837209
"165","NRI_P130",761,6.18857051535456,0.00386343104745277,0.558312655086849,225,148,28,170,49,62,118,178,163,0,155,0.367245657568238,0.0694789081885856,0.421836228287841,0.121588089330025,0.153846153846154,0.292803970223325,0.441687344913151,0.404466501240695,0,0.384615384615385
"166","NRI_P133",579,5.97592489903753,0.00244856640458407,0.365426695842451,167,127,2,96,23,51,89,138,127,0,129,0.277899343544858,0.00437636761487965,0.210065645514223,0.050328227571116,0.111597374179431,0.194748358862144,0.301969365426696,0.277899343544858,0,0.282275711159737
"167","NRI_P134",869,6.169233561244,0.00385062688778813,0.538610038610039,279,246,8,122,13,26,71,212,121,4,100,0.474903474903475,0.0154440154440154,0.235521235521236,0.0250965250965251,0.0501930501930502,0.137065637065637,0.409266409266409,0.233590733590734,0.00772200772200772,0.193050193050193
"168","NRI_P135",957,6.21938793803139,0.00296775541633193,0.893229166666667,343,270,17,201,59,106,210,280,265,2,231,0.703125,0.0442708333333333,0.5234375,0.153645833333333,0.276041666666667,0.546875,0.729166666666667,0.690104166666667,0.00520833333333333,0.6015625
"169","NRI_P136",560,5.96598051357337,0.00528348699792447,0.437229437229437,101,73,5,64,23,8,55,72,87,0,49,0.316017316017316,0.0216450216450216,0.277056277056277,0.0995670995670996,0.0346320346320346,0.238095238095238,0.311688311688312,0.376623376623377,0,0.212121212121212
"170","NRI_P137",1275,6.62906377476966,0.00338407388767741,0.83974358974359,393,256,26,200,39,88,178,305,295,3,231,0.547008547008547,0.0555555555555556,0.427350427350427,0.0833333333333333,0.188034188034188,0.38034188034188,0.651709401709402,0.63034188034188,0.00641025641025641,0.493589743589744
"171","NRI_P138",1494,6.56154471744303,0.00225829810942957,0.886621315192744,391,316,18,275,59,116,240,311,304,3,267,0.71655328798186,0.0408163265306122,0.623582766439909,0.133786848072562,0.263038548752834,0.54421768707483,0.705215419501134,0.689342403628118,0.00680272108843537,0.605442176870748
"172","NRI_P139",646,5.84483080845269,0.00332394307003737,0.532374100719424,222,162,2,69,15,29,90,199,102,0,72,0.388489208633094,0.00479616306954436,0.165467625899281,0.0359712230215827,0.0695443645083933,0.215827338129496,0.477218225419664,0.244604316546763,0,0.172661870503597
"173","NRI_P141",417,5.6467232819472,0.00343776249425485,0.347087378640777,143,121,0,63,10,26,54,123,99,0,88,0.29368932038835,0,0.152912621359223,0.0242718446601942,0.0631067961165049,0.131067961165049,0.298543689320388,0.240291262135922,0,0.213592233009709
"174","NRI_P142",502,5.61715512900177,0.00404676218064132,0.914600550964187,332,245,2,93,34,26,133,190,78,0,199,0.674931129476584,0.00550964187327824,0.256198347107438,0.09366391184573,0.0716253443526171,0.366391184573003,0.523415977961432,0.214876033057851,0,0.548209366391185
"175","NRI_P143",619,5.70129323625194,0.00297710830217745,0.369747899159664,220,191,0,113,24,43,86,204,125,0,126,0.321008403361345,0,0.189915966386555,0.0403361344537815,0.0722689075630252,0.14453781512605,0.342857142857143,0.210084033613445,0,0.211764705882353
"176","NRI_P144",519,5.8177733410915,0.00275027621274402,0.442577030812325,158,139,0,74,23,40,72,146,100,0,104,0.389355742296919,0,0.207282913165266,0.0644257703081232,0.112044817927171,0.201680672268908,0.408963585434174,0.280112044817927,0,0.291316526610644
"177","NRI_P145",791,6.0157888123606,0.00304990516699416,0.89908256880734,294,128,3,100,19,30,101,161,112,0,246,0.391437308868502,0.0091743119266055,0.305810397553517,0.0581039755351682,0.091743119266055,0.308868501529052,0.492354740061162,0.342507645259939,0,0.752293577981651
"178","NRI_P146",947,5.96438984628321,0.00251744586993618,0.762222222222222,343,296,17,217,20,115,202,309,211,0,201,0.657777777777778,0.0377777777777778,0.482222222222222,0.0444444444444444,0.255555555555556,0.448888888888889,0.686666666666667,0.468888888888889,0,0.446666666666667
"179","NRI_P147",915,6.2899647378749,0.00293694668576171,0.661676646706587,221,151,5,102,33,36,108,194,154,0,144,0.452095808383234,0.0149700598802395,0.305389221556886,0.0988023952095808,0.107784431137725,0.323353293413174,0.580838323353293,0.461077844311377,0,0.431137724550898
"180","NRI_P148",827,6.19918329745534,0.00215030978601712,0.841961852861035,309,269,3,168,50,90,162,298,184,0,189,0.732970027247956,0.00817438692098093,0.457765667574932,0.136239782016349,0.245231607629428,0.44141689373297,0.811989100817439,0.501362397820163,0,0.514986376021798
"181","NRI_P149",766,6.36267843022479,0.00466678577015121,0.536144578313253,267,186,33,210,71,74,150,188,246,0,156,0.373493975903614,0.0662650602409639,0.421686746987952,0.142570281124498,0.14859437751004,0.301204819277108,0.377510040160643,0.493975903614458,0,0.313253012048193
"182","NRI_P150",640,5.74857124713636,0.00479444656088374,0.596014492753623,329,258,49,204,101,159,130,252,207,0,188,0.467391304347826,0.088768115942029,0.369565217391304,0.182971014492754,0.28804347826087,0.235507246376812,0.456521739130435,0.375,0,0.340579710144928
"183","NRI_P151",647,6.00098123149231,0.00253378952671751,0.576086956521739,212,155,2,92,20,37,89,190,109,0,146,0.421195652173913,0.00543478260869565,0.25,0.0543478260869565,0.10054347826087,0.241847826086957,0.516304347826087,0.296195652173913,0,0.396739130434783
"184","NRI_P152",839,6.11082458540819,0.00242635615753028,0.721153846153846,300,191,6,133,35,59,117,267,197,0,245,0.459134615384615,0.0144230769230769,0.319711538461538,0.0841346153846154,0.141826923076923,0.28125,0.641826923076923,0.473557692307692,0,0.588942307692308
"185","NRI_P153",522,5.26920700266761,0.00342814419430856,0.34585289514867,221,201,3,113,16,86,152,215,109,0,140,0.314553990610329,0.00469483568075117,0.176838810641628,0.0250391236306729,0.134585289514867,0.237871674491393,0.336463223787167,0.170579029733959,0,0.219092331768388
"186","NRI_P154",448,5.93047311796975,0.00461610514828158,0.457236842105263,139,106,0,59,13,20,62,114,60,0,66,0.348684210526316,0,0.194078947368421,0.0427631578947368,0.0657894736842105,0.203947368421053,0.375,0.197368421052632,0,0.217105263157895
"187","NRI_P156",864,6.21967539949097,0.00376382248520376,0.777777777777778,371,304,13,200,68,78,214,311,255,0,260,0.637316561844864,0.0272536687631027,0.419287211740042,0.142557651991614,0.163522012578616,0.448637316561845,0.651991614255765,0.534591194968553,0,0.545073375262054
"188","NRI_P159",882,6.16967495920644,0.00311251266483308,0.849489795918367,333,284,17,210,53,86,183,276,239,0,179,0.724489795918367,0.0433673469387755,0.535714285714286,0.135204081632653,0.219387755102041,0.466836734693878,0.704081632653061,0.60969387755102,0,0.456632653061224
"189","NRI_P160",228,5.30686535536448,0.00665246610403899,0.765625,49,37,1,15,5,2,15,27,18,0,10,0.578125,0.015625,0.234375,0.078125,0.03125,0.234375,0.421875,0.28125,0,0.15625
"190","NRI_P161",498,5.56105856944332,0.00378658341883016,0.708888888888889,319,165,2,89,13,13,54,188,96,0,181,0.366666666666667,0.00444444444444444,0.197777777777778,0.0288888888888889,0.0288888888888889,0.12,0.417777777777778,0.213333333333333,0,0.402222222222222
"191","NRI_P166",1226,6.71123126405254,0.00357056473374462,0.735353535353535,364,239,14,104,12,25,145,294,205,0,168,0.482828282828283,0.0282828282828283,0.21010101010101,0.0242424242424242,0.0505050505050505,0.292929292929293,0.593939393939394,0.414141414141414,0,0.339393939393939
"192","NRI_P167",836,5.94107562623106,0.00418875697769662,0.828337874659401,304,109,7,63,6,18,73,159,99,0,209,0.29700272479564,0.0190735694822888,0.171662125340599,0.0163487738419619,0.0490463215258856,0.198910081743869,0.433242506811989,0.269754768392371,0,0.569482288828338
"193","NRI_P168",432,4.70917849916568,0.00569724071021553,0.529133858267717,336,251,2,72,12,20,31,292,98,4,50,0.395275590551181,0.0031496062992126,0.113385826771654,0.0188976377952756,0.031496062992126,0.0488188976377953,0.459842519685039,0.154330708661417,0.0062992125984252,0.078740157480315
"194","NRI_P172",1210,6.47812528793991,0.00433061623472494,0.866788321167883,475,289,23,137,24,24,133,294,126,0,230,0.527372262773723,0.041970802919708,0.25,0.0437956204379562,0.0437956204379562,0.242700729927007,0.536496350364963,0.22992700729927,0,0.41970802919708
"195","NRI_P173",618,5.81385195409334,0.00385882835159348,0.789115646258503,348,241,2,112,34,26,163,217,99,0,232,0.546485260770975,0.00453514739229025,0.253968253968254,0.0770975056689342,0.0589569160997732,0.369614512471655,0.492063492063492,0.224489795918367,0,0.526077097505669
"196","NRI_P174",726,5.85058078555354,0.00315706606983779,0.67156862745098,411,365,5,235,59,105,208,346,245,6,268,0.59640522875817,0.00816993464052288,0.383986928104575,0.0964052287581699,0.17156862745098,0.339869281045752,0.565359477124183,0.400326797385621,0.00980392156862745,0.437908496732026
"197","NRI_P175",942,6.21947671720957,0.0028833607826493,0.69392523364486,297,219,7,118,27,70,91,226,116,1,156,0.511682242990654,0.0163551401869159,0.275700934579439,0.0630841121495327,0.163551401869159,0.212616822429907,0.52803738317757,0.271028037383178,0.00233644859813084,0.364485981308411
"198","NRI_P176",505,5.93050700329353,0.00711317907296214,0.445859872611465,140,67,3,29,2,3,39,116,43,1,22,0.213375796178344,0.00955414012738853,0.0923566878980892,0.00636942675159236,0.00955414012738853,0.124203821656051,0.369426751592357,0.136942675159236,0.00318471337579618,0.0700636942675159
"199","NRI_P177",391,4.97584474497504,0.00737539559375584,0.66542750929368,179,97,4,56,7,3,86,162,82,0,32,0.360594795539033,0.0148698884758364,0.20817843866171,0.0260223048327138,0.0111524163568773,0.319702602230483,0.602230483271376,0.304832713754647,0,0.118959107806691
"200","NRI_P178",1220,6.64802478793553,0.00200333368076413,0.826558265582656,305,211,8,106,28,52,142,269,166,0,138,0.571815718157182,0.021680216802168,0.287262872628726,0.0758807588075881,0.140921409214092,0.384823848238482,0.7289972899729,0.449864498644986,0,0.373983739837398
"201","NRI_P179",291,4.87204230199463,0.00689877060287211,0.815461346633416,327,129,13,72,4,1,44,228,72,0,83,0.321695760598504,0.0324189526184539,0.179551122194514,0.00997506234413965,0.00249376558603491,0.109725685785536,0.56857855361596,0.179551122194514,0,0.206982543640898
"202","NRI_P180",314,5.03963276078945,0.00778881584874564,0.449814126394052,121,70,29,25,3,0,63,69,50,0,41,0.260223048327138,0.107806691449814,0.0929368029739777,0.0111524163568773,0,0.234200743494424,0.256505576208178,0.185873605947955,0,0.152416356877323
"203","NRI_P181",344,4.88030915160043,0.00540440599823149,0.758064516129032,329,160,6,99,1,44,126,297,76,1,99,0.368663594470046,0.0138248847926267,0.228110599078341,0.00230414746543779,0.101382488479263,0.290322580645161,0.684331797235023,0.175115207373272,0.00230414746543779,0.228110599078341
"204","NRI_P182",234,3.17915209306997,0.00712931471986087,0.872592592592593,589,541,3,22,3,6,17,579,22,0,11,0.801481481481481,0.00444444444444444,0.0325925925925926,0.00444444444444444,0.00888888888888889,0.0251851851851852,0.857777777777778,0.0325925925925926,0,0.0162962962962963
"205","NRI_P183",304,4.56908656417886,0.00661657829880037,0.665865384615385,277,245,14,87,2,11,64,258,55,0,53,0.588942307692308,0.0336538461538462,0.209134615384615,0.00480769230769231,0.0264423076923077,0.153846153846154,0.620192307692308,0.132211538461538,0,0.127403846153846
"206","NRI_P184",226,4.83364278388855,0.00654571679582868,0.928571428571429,403,291,27,117,6,0,110,276,98,0,200,0.670506912442396,0.0622119815668203,0.269585253456221,0.0138248847926267,0,0.253456221198157,0.63594470046083,0.225806451612903,0,0.460829493087558
"207","NRI_P187",1311,6.52181457882226,0.00492632694311766,0.862445414847162,395,230,18,151,18,11,112,347,163,0,81,0.502183406113537,0.0393013100436681,0.329694323144105,0.0393013100436681,0.0240174672489083,0.244541484716157,0.75764192139738,0.35589519650655,0,0.176855895196507
"208","NRI_P188",854,6.22752088277935,0.00292853045012314,0.644257703081233,230,154,8,81,10,26,83,153,119,2,136,0.431372549019608,0.0224089635854342,0.226890756302521,0.0280112044817927,0.0728291316526611,0.23249299719888,0.428571428571429,0.333333333333333,0.00560224089635854,0.380952380952381
"209","OLAM_P001",428,5.819369526228,0.00392187838762903,0.346260387811634,125,103,1,77,22,39,79,121,75,0,71,0.285318559556787,0.00277008310249307,0.213296398891967,0.0609418282548476,0.10803324099723,0.218836565096953,0.335180055401662,0.207756232686981,0,0.196675900277008
"210","OLAM_P002",336,5.27305622468933,0.00798062938059945,0.738255033557047,110,102,60,105,60,60,61,110,60,0,60,0.684563758389262,0.402684563758389,0.704697986577181,0.402684563758389,0.402684563758389,0.409395973154362,0.738255033557047,0.402684563758389,0,0.402684563758389
"211","OLAM_P003",855,6.29527956322969,0.00288995179020739,0.798586572438163,226,180,18,110,17,40,91,196,152,0,141,0.636042402826855,0.0636042402826855,0.3886925795053,0.0600706713780919,0.141342756183746,0.321554770318021,0.692579505300353,0.537102473498233,0,0.498233215547703
"212","OLAM_P004",614,6.170439953825,0.00282910939720599,0.517441860465116,178,146,6,91,33,36,101,169,92,0,112,0.424418604651163,0.0174418604651163,0.26453488372093,0.0959302325581395,0.104651162790698,0.293604651162791,0.491279069767442,0.267441860465116,0,0.325581395348837
"213","OLAM_P005",594,5.93528328309617,0.00281252447797141,0.589285714285714,132,111,8,57,5,15,63,119,64,0,74,0.495535714285714,0.0357142857142857,0.254464285714286,0.0223214285714286,0.0669642857142857,0.28125,0.53125,0.285714285714286,0,0.330357142857143
"214","OLAM_P006",775,6.22640055225826,0.00362084240443221,0.35,133,91,7,49,26,24,43,111,54,0,58,0.239473684210526,0.0184210526315789,0.128947368421053,0.068421052631579,0.0631578947368421,0.113157894736842,0.292105263157895,0.142105263157895,0,0.152631578947368
"215","OLAM_P007",706,5.61906048568895,0.00584181205881858,0.720081135902637,355,340,156,300,213,209,197,349,251,0,253,0.689655172413793,0.316430020283976,0.608519269776876,0.432048681541582,0.42393509127789,0.399594320486815,0.707910750507099,0.509127789046653,0,0.513184584178499
"216","OLAM_P008",686,5.93826979313735,0.00387606246374522,0.567058823529412,241,164,9,82,12,22,88,219,103,0,164,0.385882352941176,0.0211764705882353,0.192941176470588,0.0282352941176471,0.0517647058823529,0.207058823529412,0.515294117647059,0.242352941176471,0,0.385882352941176
"217","OLAM_P009",562,5.955930592542,0.0036605432685081,0.658974358974359,257,217,8,97,21,34,122,232,111,0,142,0.556410256410256,0.0205128205128205,0.248717948717949,0.0538461538461538,0.0871794871794872,0.312820512820513,0.594871794871795,0.284615384615385,0,0.364102564102564
"218","OLAM_P011",652,6.10779183738485,0.00530135224937281,0.922518159806295,381,237,16,109,20,20,96,254,87,0,192,0.573849878934625,0.0387409200968523,0.263922518159806,0.0484261501210654,0.0484261501210654,0.232445520581114,0.61501210653753,0.210653753026634,0,0.464891041162228
"219","OLAM_P012",840,6.1911671756147,0.00561842709300425,0.836820083682008,200,170,43,113,35,42,67,160,74,0,81,0.711297071129707,0.179916317991632,0.472803347280335,0.146443514644351,0.175732217573222,0.280334728033473,0.669456066945607,0.309623430962343,0,0.338912133891213
"220","OLAM_P013",567,5.97374565689462,0.00387940308056214,0.313531353135314,95,85,5,44,16,16,67,88,69,0,66,0.280528052805281,0.0165016501650165,0.145214521452145,0.0528052805280528,0.0528052805280528,0.221122112211221,0.29042904290429,0.227722772277228,0,0.217821782178218
"221","OLAM_P014",716,6.15037091995451,0.00452023440596358,0.331103678929766,99,77,9,36,13,14,38,97,27,0,40,0.25752508361204,0.0301003344481605,0.120401337792642,0.0434782608695652,0.0468227424749164,0.127090301003344,0.324414715719064,0.0903010033444816,0,0.133779264214047
"222","OLAM_P015",513,5.20167005471189,0.00512162734386183,0.594771241830065,182,161,8,113,18,20,54,173,58,0,55,0.526143790849673,0.0261437908496732,0.369281045751634,0.0588235294117647,0.065359477124183,0.176470588235294,0.565359477124183,0.189542483660131,0,0.179738562091503
"223","OLAM_P016",543,5.77631140370291,0.00437738760788681,0.471861471861472,109,66,7,63,22,35,35,109,43,0,45,0.285714285714286,0.0303030303030303,0.272727272727273,0.0952380952380952,0.151515151515152,0.151515151515152,0.471861471861472,0.186147186147186,0,0.194805194805195
"224","OLAM_P017",947,6.2470507764542,0.00435734669540021,0.759493670886076,240,196,15,134,35,55,126,200,163,0,80,0.620253164556962,0.0474683544303797,0.424050632911392,0.110759493670886,0.174050632911392,0.39873417721519,0.632911392405063,0.515822784810127,0,0.253164556962025
"225","OLAM_P018",485,5.84334734072412,0.00401436656032094,0.474698795180723,197,153,4,109,63,27,99,187,123,0,103,0.368674698795181,0.00963855421686747,0.262650602409639,0.151807228915663,0.0650602409638554,0.23855421686747,0.450602409638554,0.296385542168675,0,0.248192771084337
"226","OLAM_P019",889,5.52782692131262,0.00613876553065934,0.890274314214464,357,336,151,282,153,157,201,343,214,0,214,0.837905236907731,0.376558603491272,0.703241895261845,0.381546134663342,0.391521197007481,0.501246882793017,0.855361596009975,0.533665835411471,0,0.533665835411471
"227","OLAM_P020",390,5.35757952587769,0.00472086633703613,0.686230248306998,304,220,7,71,40,46,116,297,119,0,196,0.496613995485327,0.0158013544018059,0.160270880361174,0.090293453724605,0.103837471783296,0.261851015801354,0.670428893905192,0.2686230248307,0,0.442437923250564
"228","OLAM_P021",459,5.48737425209028,0.00605386830761032,0.493865030674847,161,91,14,56,6,11,66,120,92,0,40,0.279141104294479,0.0429447852760736,0.171779141104294,0.0184049079754601,0.0337423312883436,0.202453987730061,0.368098159509202,0.282208588957055,0,0.122699386503067
"229","OLAM_P022",765,6.10458238014693,0.00250650358434445,0.388724035608309,131,124,5,71,12,31,82,127,67,0,87,0.367952522255193,0.0148367952522255,0.210682492581602,0.0356083086053412,0.0919881305637982,0.243323442136499,0.376854599406528,0.198813056379822,0,0.258160237388724
"230","OLAM_P023",833,6.00063357350084,0.00358558021431787,0.678800856531049,317,295,3,126,43,22,109,250,168,0,140,0.63169164882227,0.00642398286937901,0.269807280513919,0.0920770877944325,0.0471092077087794,0.233404710920771,0.535331905781585,0.359743040685225,0,0.299785867237687
"231","OLAM_P024",565,5.88889345354506,0.00498756969267368,0.450909090909091,124,122,19,77,36,35,96,122,101,0,75,0.443636363636364,0.0690909090909091,0.28,0.130909090909091,0.127272727272727,0.349090909090909,0.443636363636364,0.367272727272727,0,0.272727272727273
"232","OLAM_P026",945,6.59779077952144,0.00435787120799864,0.815068493150685,238,115,11,68,32,34,62,141,85,0,122,0.393835616438356,0.0376712328767123,0.232876712328767,0.10958904109589,0.116438356164384,0.212328767123288,0.482876712328767,0.291095890410959,0,0.417808219178082
"233","OLAM_P029",501,5.2035995926035,0.00670035235150216,0.831081081081081,246,197,136,163,118,119,145,217,143,0,153,0.665540540540541,0.45945945945946,0.550675675675676,0.398648648648649,0.402027027027027,0.489864864864865,0.733108108108108,0.483108108108108,0,0.516891891891892
"234","OLAM_P031",497,5.20499408575184,0.0066267558164456,0.444816053511706,133,130,85,120,105,103,106,131,123,0,114,0.434782608695652,0.28428093645485,0.40133779264214,0.351170568561873,0.344481605351171,0.354515050167224,0.438127090301003,0.411371237458194,0,0.381270903010033
"235","OLAM_P032",545,5.80734422102604,0.00366730449900747,0.87719298245614,350,326,5,157,69,31,123,334,163,0,190,0.817042606516291,0.012531328320802,0.393483709273183,0.172932330827068,0.0776942355889724,0.308270676691729,0.837092731829574,0.408521303258145,0,0.476190476190476
"236","OLAM_P033",701,5.96165894044934,0.00325959248323273,0.454767726161369,186,170,5,92,45,68,109,174,109,0,118,0.415647921760391,0.0122249388753056,0.224938875305623,0.110024449877751,0.166259168704156,0.266503667481663,0.425427872860636,0.266503667481663,0,0.288508557457213
"237","OLAM_P035",700,5.53579288289501,0.00662863169553861,0.68993839835729,336,292,127,195,109,107,199,309,201,0,210,0.59958932238193,0.260780287474333,0.40041067761807,0.223819301848049,0.219712525667351,0.408624229979466,0.634496919917864,0.412731006160164,0,0.431211498973306
"238","OLAM_P036",559,6.01612478330057,0.00520790602806146,0.343511450381679,90,56,24,28,2,10,34,68,36,0,30,0.213740458015267,0.0916030534351145,0.106870229007634,0.00763358778625954,0.0381679389312977,0.129770992366412,0.259541984732824,0.137404580152672,0,0.114503816793893
