"","DispoCode","Elev","Latitude","Succ2","Temp","Prec","SoilPCA","Elephant","VillDist","PopDensity","NightLights"
"1","ACDG_P015",-0.720226084398512,-2.293546732491,"Sec",0.350196500018648,-1.34543882798301,-0.245505496683791,1,-0.635625291347429,-0.210210076148686,0.670952606747935
"2","ACDG_P016",0.0605604596889593,-2.46515810762704,"Prm",-1.18066248577725,-1.03150626100041,-0.245505496683791,1,0.388010722735637,-0.0747696475274376,0.620170857705669
"3","ACDG_P041",-1.0343356136291,-2.23324837595597,"Exp",0.17009544286619,-0.75852142014598,-0.245505496683791,1,-0.521444036356567,-0.284125759763632,-0.051666022389684
"4","ACDG_P052",-0.482400297981064,-2.53847646517563,"Exp",-0.100056142862499,-1.24989413368396,-0.245505496683791,1,0.535743294582378,-0.314081146719124,-0.0585655372605744
"5","ACDG_P053",-0.792022548222647,-2.55054526798539,"Exp",0.080044914289959,-1.23624489164124,-0.245505496683791,1,0.357316135288229,-0.335160088073069,-0.0850573285798702
"6","ACDG_P055",-0.895229964969841,-2.49077958244449,"Exp",-0.0100056142862685,-1.02126932946837,-0.245505496683791,0,0.218196995087056,-0.211197824478467,-0.100308138684667
"7","CAFI_P001",-1.3484451428597,0.598902423125322,"Exp",0.980550200052253,2.5753059487888,-0.245505496683791,1,0.0196612729627476,-0.31274464895415,-0.0330013468608533
"8","CAFI_P002",1.27212578672124,1.44643524187872,"Sec",-1.09061195720102,-0.36951802192841,-0.136575481585022,1,-0.732225903216813,0.74567208739706,-0.221275078157074
"9","CAFI_P003",-1.24075044712349,0.418859627110836,"Exp",1.34075231435717,1.95085312533428,-0.245505496683791,1,-0.505105575950585,-0.323143008871623,0.0227057744387023
"10","CAFI_P005",0.316335362062441,-0.310717004786242,"Sec",-0.19010667143873,-0.516247373887669,-0.245505496683791,0,0.0629781170957922,0.356802706192786,-0.381403843920371
"11","CAFI_P006",0.608008496347991,0.819511920135296,"Prm",-0.640359314319877,-0.847241493423671,-0.136575481585022,1,-0.555769744562271,-0.0794283967612196,-0.246874475285209
"12","CAFI_P007",0.603521217358982,0.818964029969909,"Prm",-0.640359314319877,-0.847241493423671,-0.136575481585022,1,-0.564204679587002,-0.0678771350299491,-0.229621863821259
"13","CAFI_P008",1.00288904738073,1.88356027882953,"Sec",-0.640359314319877,-0.662976725846927,-0.136575481585022,0,-0.701142763586362,1.069836799557,-0.125393620455292
"14","CAFI_P009",1.22276571784215,0.896893796410499,"Exp",-2.08116777153954,1.58573590069148,-0.245505496683791,1,-0.155450509160707,-0.0579283887652536,-0.0531252814787402
"15","CAFI_P010",1.13302013806198,0.845529093405521,"Exp",-1.99111724296332,1.55161279558467,-0.245505496683791,1,-0.596131176963593,0.166671785944623,0.0217264892139509
"16","CAFI_P011",0.047098622721934,-0.301707255399887,"Sec",0.17009544286619,-0.669801346868289,-0.245505496683791,0,-0.760483608693116,-0.0606036772071914,-0.160133517733784
"17","CAFI_P012",-0.446502066068996,0.0251548857669021,"Exp",0.980550200052253,-1.0861032291713,-0.245505496683791,0,-0.12501744187928,-0.255752215250507,-0.311687254660049
"18","CAFI_P013",1.07917279019388,1.72793664310289,"Exp",-0.730409842896104,-0.594730515633319,-0.136575481585022,0,-0.649639214436798,0.127437466084946,-0.230936481192665
"19","CAFI_P014",1.07019823221586,1.72133913236136,"Sec",-0.640359314319877,-0.567432031547876,-0.136575481585022,0,-0.651313613582443,1.18292289546753,-0.0514741130393102
"20","CAFI_P015",1.23622755480917,1.44787345356286,"Exp",-1.18066248577725,-0.178428633330306,-0.136575481585022,0,-0.492899039655018,1.0233335264609,-0.0753907767419164
"21","CAFI_P016",0.172742434414171,-1.32907741135575,"Exp",0.080044914289959,0.251522491015428,2.54273910783674,0,-0.204214784795652,-0.359924568348683,0.00223910614956147
"22","CAFI_P017",-1.09715751947522,-0.96629802601363,"Exp",1.25070178578094,0.469910363698976,-2.26951024654322,1,-0.602445749265666,-0.232605084240047,-0.243990820825082
"23","CAFI_P020",0.693266797139151,0.7574177013915,"Prm",-0.640359314319877,-0.826767630359588,-0.136575481585022,1,0.285092095745688,-0.343702484780141,-0.149294975851873
"24","CAFI_P021",1.23622755480917,0.883173713518947,"Exp",-2.17121830011578,1.27521564421956,-0.245505496683791,1,-0.554423009848815,0.039969817076669,0.0547039373710066
"25","CAFI_P022",0.845834282765439,-1.24380439478186,"Prm",-0.730409842896104,0.524507331869862,-0.136575481585022,1,-0.488447042082294,-0.359533706136808,-0.0250361692707748
"26","CAFI_P023",0.95801625749065,1.03561654245209,"Exp",-1.09061195720102,-0.376342642949772,-0.136575481585022,0,-0.387874839346106,1.03915170291302,-0.147038542966336
"27","CAFI_P025",1.18238020694107,1.55239111219595,"Sec",-0.910510900048562,-0.611792068186721,-0.136575481585022,0,-0.0866465344804134,0.384154476967317,-0.21079535448115
"28","CAFI_P026",-0.46445118202503,-1.66616683560975,"Sec",0.440247028594878,-0.280797948650719,-0.245505496683791,1,-0.539474256360373,0.06183408440594,0.0913387214950045
"29","CAFI_P027",0.724677750062211,-0.789504523063311,"Exp",-0.550308785743646,0.0740823444600457,-0.136575481585022,1,-0.693723929497504,-0.116130631023302,-0.151797456772473
"30","CAFI_P028",0.419542778809636,-0.0161879929628824,"Exp",-0.0100056142862685,-0.448001163674061,-0.245505496683791,1,0.0833758162189996,-0.297101913613891,-0.167642375593106
"31","CAFI_P029",-0.657404178552393,-1.31889578578232,"Exp",1.16065125720471,0.381190290421284,0.161027092515639,1,-0.314914365584665,-0.362327326282434,-0.0316235593501137
"32","CAFI_P030",0.69775407612816,-1.37475014430922,"Prm",-0.460258257167415,0.258347112036789,2.54273910783674,0,-0.496642104090103,-0.272504633325867,0.0236802701569787
"33","CAFI_P032",-0.922153638903892,-1.23665899387494,"Sec",0.890499671476025,0.357304116846521,2.54273910783674,1,0.45017911594185,-0.347238846249485,0.350876591003362
"34","CAFI_P033",0.491339242633771,-0.72875720097609,"Exp",-0.370207728591188,-0.120419354648739,-0.136575481585022,1,-0.692735309907715,-0.144093157517204,-0.247575758614558
"35","CAFI_P034",-0.0964943049263366,-0.421923489188427,"Prm",0.260145971442417,-0.60837975767604,-0.245505496683791,1,-0.446008239239802,-0.237871297277902,-0.231054814799513
"36","CAFI_P035",-0.621505946640326,-1.67148593596538,"Sec",0.440247028594878,-0.233025601501193,2.54273910783674,1,-0.267903083804731,-0.187698452738929,0.093727583454832
"37","CAFI_P036",-0.652916899563385,-1.19842082608235,"Exp",0.890499671476025,0.596165852594151,-2.26951024654322,1,-0.320334363766545,-0.325295089743502,-0.112849839489524
"38","CAFI_P039",1.15994381199603,1.5282458969908,"Sec",-0.820460371472335,-0.465062716227463,-0.136575481585022,1,-0.552767578659549,0.808700191648937,-0.275667628973094
"39","CAFI_P040",-1.46511439657392,0.508645127963538,"Exp",1.34075231435717,3.02231862568794,2.54273910783674,0,-0.653873067135735,-0.180096406396908,0.18940322081619
"40","CAFI_P041",-0.868306291035791,0.686100664863699,"Exp",0.350196500018648,3.27141729296761,2.54273910783674,1,-0.638195953738961,-0.319853672422468,-0.014408453858521
"41","CAFI_P042",0.0829968546340016,0.639218007795007,"Sec",-0.280157200014957,2.19312717159259,-0.245505496683791,0,-0.0397221002496031,-0.330102272390509,0.158181667151552
"42","CAFI_P043",1.36635864549042,1.33733661269615,"Exp",-1.36076354292971,-0.222788669969152,-0.136575481585022,0,-0.694013157165557,0.197036474089295,-0.261577108172126
"43","CAFI_P044",-1.14651758835431,-0.979576752938621,"Prm",1.61090390008586,0.459673432166934,0.161027092515639,1,-0.737704801543582,-0.374756142614836,-0.183997109680515
"44","CAFI_P045",-0.222138116618573,-0.937754470314123,"Prm",0.440247028594878,0.657587441786399,-0.245505496683791,1,-0.0927927708681347,-0.359241333395903,-0.0898134303429032
"45","CAFI_P046",0.536212032523855,0.467401173846948,"Exp",-0.280157200014957,-0.99397084538293,-0.136575481585022,1,-0.609442356630697,-0.232234481206399,-0.267379304470769
"46","CAFI_P047",-0.343294649321802,-0.137020603187482,"Sec",1.07060072862848,-0.785819904231423,-0.245505496683791,1,-0.531309257185098,-0.167054142021596,0.332453058342051
"47","CAFI_P049",-0.913179080925875,-1.38249670248093,"Exp",1.4308028429334,0.159390107227056,0.161027092515639,1,-0.125851465799975,-0.362727914899132,-0.0649271995123685
"48","CAFI_P050",-0.854844454068765,-1.41184687425726,"Exp",1.25070178578094,0.101380828545489,0.161027092515639,0,-0.0446078812026035,-0.356153280557715,-0.0256335605351823
"49","CAFI_P051",0.863783398721473,-0.786323716269817,"Sec",-0.550308785743646,-0.154542459755544,-0.136575481585022,0,-0.50790473197694,-0.278390460414148,-0.203282341353995
"50","CAFI_P052",-0.325345533365768,-0.344632927940788,"Exp",0.620348085747337,-0.881364598530475,-0.245505496683791,1,-0.604279238395899,-0.266040980896811,-0.197667382063931
"51","CAFI_P053",1.34840952953439,1.30296411440378,"Exp",-1.27071301435348,-0.349044158864328,-0.136575481585022,0,-0.764092623259885,0.594406520788955,-0.263448827754469
"52","CAFI_P055",0.859296119732464,0.877245846312891,"Exp",-1.18066248577725,-0.144305528223502,-0.136575481585022,1,-0.541644634463278,-0.220564256996945,-0.190130373499153
"53","CAFI_P056",-1.36639425881573,0.474653108952688,"Exp",1.25070178578094,2.67767526410921,2.54273910783674,1,-0.731790756569393,-0.346858751351844,-0.0177207223939204
"54","CAFI_P057",0.231077061271281,-0.181399706583783,"Sec",-0.550308785743646,-0.591318205122638,-0.245505496683791,0,-0.595586341411714,-0.0298417364237075,-0.22289854003526
"55","CAFI_P058",-0.868306291035791,-0.904257074369247,"Exp",0.890499671476025,0.565455057998028,0.161027092515639,1,-0.174100088675045,-0.359873363676643,-0.0604463297589188
"56","CAFI_P060",-1.42921616466185,0.531024919302448,"Exp",1.16065125720471,3.01549400466658,2.54273910783674,1,-0.726558928039256,-0.243453521018149,0.073712376627936
"57","CAFI_P061",0.778525097930312,0.64237598583161,"Prm",-0.820460371472335,-0.854066114445032,-0.136575481585022,1,0.262416232405455,-0.304581112362123,-0.237954183657896
"58","CAFI_P062",-0.567658598772224,-0.198239719583785,"Exp",1.07060072862848,-0.789232214742104,-0.245505496683791,0,-0.757195897215579,-0.316996532998078,-0.112190377031222
"59","CAFI_P063",-0.558684040794207,-0.192037907295036,"Exp",1.07060072862848,-0.789232214742104,-0.245505496683791,1,-0.690894434574308,-0.308325612986918,-0.116744821697403
"60","CAFI_P064",-0.190727163695514,-0.183446685118352,"Exp",0.710398614323564,-0.915487703637279,-0.245505496683791,0,0.203136193371024,-0.265347216001153,-0.135807828503601
"61","CAFI_P067",0.284924409139382,-0.530854707487132,"Exp",-0.100056142862499,-0.410465748056576,-0.245505496683791,1,-0.499268008888547,0.121890798206488,-0.264019836620353
"62","CAFI_P069",1.50995157313869,-0.883840556122972,"Prm",-1.72096565723463,0.712184409957286,-0.245505496683791,1,-0.246250464507251,-0.364244505270307,0.111579916963876
"63","CAFI_P070",1.81059926540226,-0.902856910613259,"Prm",-1.72096565723463,0.712184409957286,-0.245505496683791,1,-0.317695690651723,-0.361525259370796,0.134019757211219
"64","CAFI_P071",1.76572647551217,-0.884122110791295,"Prm",-1.6309151286584,0.729245962510688,-0.245505496683791,1,-0.286873366481778,-0.364440608200787,0.131396852674103
"65","CAFI_P072",0.114407807557061,-0.319262569449144,"Prm",0.080044914289959,-0.618616689208082,-0.245505496683791,0,-0.670249514845785,-0.0490988712901396,-0.181083160341421
"66","CAFI_P073",1.92278124012747,-1.15256546307376,"Prm",-2.17121830011578,0.244697869994067,-0.136575481585022,1,-0.0475776589443555,-0.0613143236795828,-0.195136574854106
"67","CAFI_P074",1.74329008056713,-1.16945113358754,"Prm",-2.35131935726823,0.299294838164954,-0.136575481585022,1,0.0875544071180773,-0.147225378288202,-0.228810067867387
"68","CAFI_P075",1.86893389225937,-1.21873841971543,"Prm",-1.90106671438709,0.179863970291139,-0.136575481585022,1,0.501824589751095,0.213152814006226,-0.249293295590574
"69","CAFI_P077",-1.4561398385959,-1.215823948419,"Exp",0.980550200052253,0.336830253782439,2.54273910783674,1,-0.527620197031329,-0.0495611975850227,-0.127523544108057
"70","CAFI_P078",-1.42024160668383,-1.16623988845153,"Exp",0.890499671476025,0.377777979910604,2.54273910783674,1,-0.725649564116101,0.0917036000963754,-0.1060139131234
"71","CAFI_P079",-0.168290768750472,-0.340173710761393,"Exp",0.710398614323564,-0.826767630359588,-0.245505496683791,1,0.439232648305786,-0.309735962959884,-0.0910046932313746
"72","CAFI_P080",-1.43819072263986,-1.16889563383652,"Exp",1.07060072862848,0.319768701229036,2.54273910783674,1,-0.648879634507369,-0.298728295640038,-0.293818725050796
"73","CAFI_P081",0.316335362062441,-0.310717004786242,"Sec",-0.19010667143873,-0.516247373887669,-0.245505496683791,1,0.0629781170957922,0.356802706192786,-0.381403843920371
"74","CAFI_P082",-1.50549990747499,0.406935406428051,"Exp",1.4308028429334,1.69834214754393,-0.245505496683791,1,-0.692182151416278,-0.341478672097158,-0.0799289037526615
"75","NRI_P001",0.729165029051219,0.535377602283018,"Prm",-0.640359314319877,-0.881364598530475,-0.136575481585022,1,-0.501728192055987,-0.203846307666163,-0.256581297191839
"76","NRI_P002",0.599033938369974,0.502230247277138,"Sec",-0.370207728591188,-0.973496982318847,-0.136575481585022,1,-0.641216008380555,-0.295501043088752,-0.290130395243632
"77","NRI_P003",-1.49203807050797,0.572516608044985,"Sec",1.25070178578094,3.15881104611516,2.54273910783674,1,-0.71803715858416,-0.272345313390397,0.0280973085346851
"78","NRI_P006",1.33943497155637,1.38932107383704,"Sec",-1.36076354292971,-0.0897085600526153,-0.136575481585022,1,-0.705575247291246,0.862329048836143,-0.0563162551852338
"79","NRI_P008",1.4112314353805,1.23866311582718,"Prm",-1.27071301435348,-0.553782789505154,-0.136575481585022,1,0.00989355770484425,0.0514744737003813,-0.169957643291472
"80","NRI_P010",-0.298421859431717,0.253611556411711,"Prm",0.710398614323564,-0.591318205122638,-0.245505496683791,1,-0.177521619986323,-0.257458393613107,-0.170064243081761
"81","NRI_P012",0.877245235688498,-0.902210095834678,"Sec",-1.18066248577725,0.964695387747638,-2.26951024654322,1,-0.482862312735664,-0.15707755723096,-0.245137110468433
"82","NRI_P014",-0.890742685980833,-1.35393454591031,"Exp",1.34075231435717,0.213987075397943,-2.26951024654322,1,-0.218692958954122,-0.362931482230962,-0.057571317938829
"83","NRI_P015",0.84134700377643,-1.51916824210218,"Sec",-1.00056142862479,0.138916244162974,-0.136575481585022,1,-0.255624717116788,3.46783450228523,-0.0297899612177207
"84","NRI_P016",-0.0695706309922858,-0.580385500355192,"Sec",0.440247028594878,-0.673213657378969,-0.136575481585022,1,-0.699452704521848,-0.134469719026504,-0.141669758125533
"85","NRI_P017",-1.32600874791465,-0.834644585022648,"Prm",1.25070178578094,0.463085742677615,2.54273910783674,1,0.77655092150778,0.358661717390023,-0.204124591522714
"86","NRI_P018",1.26763850773223,-0.620222526555127,"Prm",-0.910510900048562,0.415313395528089,-0.245505496683791,1,0.69572816500348,-0.354668539216202,-0.290465438079979
"87","NRI_P020",-0.935615475870917,-1.19417552272557,"Exp",1.34075231435717,0.548393505444626,-2.26951024654322,1,-0.34229676086775,-0.3663804691852,-0.11939274392722
"88","NRI_P021",-0.54970948281619,-1.8732676272759,"Prm",0.260145971442417,-0.860890735466392,-0.245505496683791,1,-0.62201944423357,-0.304128718927439,-0.253622644266318
"89","NRI_P022",0.75608870298527,0.425693880431869,"Exp",-0.820460371472335,-0.75852142014598,-0.136575481585022,1,-0.576022579967625,-0.201204369592445,-0.102041271548161
"90","NRI_P023",-1.01189921868406,-0.814182409262591,"Exp",1.34075231435717,0.432374948081491,-2.26951024654322,1,-0.612003367551718,-0.301491810355077,-0.277766981377848
"91","NRI_P024",0.733652308040227,0.464775866804471,"Prm",-0.730409842896104,-0.768758351678021,-0.136575481585022,1,-0.405650411702157,-0.32926029544175,-0.169957640192324
"92","NRI_P025",0.105433249579044,-0.849799497898486,"Exp",0.080044914289959,-0.239850222522555,-0.245505496683791,1,-0.586524581789611,-0.168411093768557,-0.332966385094229
"93","NRI_P027",0.666343123205101,0.586657838887498,"Sec",-0.640359314319877,-0.75852142014598,1.19629966805361,1,-0.670333788551561,0.14553662996672,-0.0476386577749148
"94","NRI_P028",-1.06125928756315,-1.00164455126669,"Prm",1.16065125720471,0.490384226763058,-0.245505496683791,1,-0.570592584892624,-0.208517871213186,-0.158103495847027
"95","NRI_P029",-0.971513707782985,-0.00266237759786594,"Exp",1.07060072862848,0.428962637570811,-0.245505496683791,1,-0.28871851060211,-0.27756295701818,0.188191834143745
"96","NRI_P030",0.823397887820396,0.677676853570883,"Exp",-0.820460371472335,-0.850653803934351,-0.136575481585022,1,0.0883699615381721,-0.358184784700518,-0.360954814190345
"97","NRI_P031",-0.428552950112962,-1.54144741797796,"Prm",0.440247028594878,0.125267002120252,-0.245505496683791,1,-0.38741807155899,-0.230001229446069,-0.108867628550228
"98","NRI_P032",0.836859724787422,0.533580894649287,"Prm",-1.00056142862479,-0.775582972699382,-0.136575481585022,1,0.63715693818596,-0.362639773933631,-0.272322732771161
"99","NRI_P033",-1.57280909231012,-0.590608555556629,"Prm",1.07060072862848,0.521095021359182,0.0483289361570643,1,-0.501501644731558,0.457697993768866,-0.219634501132917
"100","NRI_P034",0.993914489402718,-0.346404270542737,"Prm",-0.820460371472335,0.473322674209656,-0.245505496683791,1,1.28090436763083,-0.36435398116276,-0.184277856389979
"101","NRI_P035",0.706728634106177,0.885228301639146,"Prm",-0.820460371472335,-0.942786187722723,-0.136575481585022,1,-0.351324521345358,-0.169583936859148,-0.235546783003897
"102","NRI_P036",0.688779518150143,0.532569665185412,"Prm",-0.730409842896104,-0.813118388316866,-0.136575481585022,1,-0.385303334273984,0.0718011988849093,-0.149097954566579
"103","NRI_P037",0.693266797139151,0.48672191176245,"Prm",-0.640359314319877,-0.826767630359588,-0.136575481585022,1,0.145011510835207,-0.234972048259025,-0.281214203347448
"104","NRI_P038",0.558648427468898,0.381899869704143,"Sec",-0.370207728591188,-0.939373877212043,-0.136575481585022,1,0.126314208700313,-0.354782658879322,-0.285001647243318
"105","NRI_P039",0.648394007249067,0.402666428889415,"Prm",-0.550308785743646,-0.874539977509114,-0.136575481585022,1,0.588221777604879,-0.294037291242126,-0.185854356697534
"106","NRI_P040",0.75608870298527,1.20430583670607,"Prm",-0.640359314319877,-0.912075393126599,-0.136575481585022,1,1.9230892080807,-0.352889699263621,-0.271831617770653
"107","NRI_P041",0.688779518150143,0.34494011229745,"Prm",-0.550308785743646,-0.864303045977073,-0.136575481585022,1,0.262549371831942,-0.272106894340209,-0.188510669240743
"108","NRI_P042",0.742626866018244,0.395414493783675,"Prm",-0.640359314319877,-0.84041687240231,-0.136575481585022,NA,0.740376766163584,-0.249045242008068,-0.198660793735046
"109","NRI_P046",-1.06574656655216,-0.161356058033396,"Prm",0.890499671476025,0.991993871833082,2.54273910783674,1,-0.117909868013841,-0.321393240493646,-0.032414711386279
"110","NRI_P047",0.37915726790856,-0.416264493754324,"Prm",-0.370207728591188,0.435787258592171,-0.245505496683791,1,0.693164133345756,-0.364341121583918,-0.165571082731096
"111","NRI_P048",-0.208676279651548,-0.383733515184505,"Prm",0.260145971442417,-0.707336762485773,-0.245505496683791,1,-0.570210388747996,-0.314904604659882,-0.251376657847129
"112","NRI_P049",0.935579862545608,-1.02255822885382,"Prm",-0.730409842896104,-0.106770112606018,-0.136575481585022,1,-0.1889395318778,-0.299264573677671,-0.166966478139829
"113","NRI_P050",1.01635088434776,-1.33453010255287,"Sec",-1.09061195720102,0.251522491015428,-0.136575481585022,1,-0.682790878757823,-0.358262768882126,-0.158831825626727
"114","NRI_P051",-1.31703418993664,0.15250975630169,"Exp",1.34075231435717,1.29910181779432,-0.245505496683791,1,-0.457351703660691,-0.328344546460522,0.0631260353398546
"115","NRI_P052",1.21827843885314,1.53100733114966,"Prm",-0.910510900048562,-0.680038278400329,-0.136575481585022,1,0.614956820913114,-0.113694397622406,-0.41763991479665
"116","NRI_P053",0.913143467600566,1.20459500096002,"Exp",-0.820460371472335,-0.768758351678021,-0.136575481585022,1,1.0434739220578,-0.19977579976299,-0.257623287770257
"117","NRI_P056",0.733652308040227,0.670701146423525,"Sec",-0.730409842896104,-0.751696799124619,1.19629966805361,NA,-0.570553190345053,0.0161592967194744,-0.270988595515286
"118","NRI_P057",-0.850357175079757,-0.984188161830623,"Exp",0.800449142899795,0.517682710848502,2.54273910783674,1,-0.359152401684498,0.161250802469159,0.230844397688559
"119","NRI_P058",-1.07023384554117,-0.866878789752884,"Prm",0.800449142899795,0.558630436976666,2.54273910783674,1,0.506950758261534,0.0404321729499912,-0.326036282995883
"120","NRI_P059",0.213127945315247,0.0384293848061165,"Prm",-0.280157200014957,-0.778995283210062,-0.245505496683791,1,0.800172427727709,-0.321086902011538,-0.305902815550856
"121","NRI_P061",0.702241355117168,1.72472539796688,"Exp",-0.820460371472335,-0.990558534872249,-0.136575481585022,1,4.53720650384714,NA,NA
"122","NRI_P062",-0.338807370332793,-0.713270848793329,"Prm",0.620348085747337,-0.529896615930391,-0.136575481585022,1,-0.193775560795368,-0.221357741020028,-0.22915206803301
"123","NRI_P063",1.21379115986413,-1.39623115911878,"Prm",-1.36076354292971,0.152565486205695,-0.136575481585022,1,-0.21123482460164,0.843118149560202,-0.310235727970827
"124","NRI_P067",-1.44716528061788,-0.262875539928124,"Sec",1.34075231435717,0.637113578722317,-0.245505496683791,1,-0.567534586581092,0.000465624995599668,0.113099207969511
"125","NRI_P068",0.625957612304025,0.756702400342245,"Sec",-0.730409842896104,-0.847241493423671,-0.136575481585022,1,-0.562092846167674,-0.11300435401921,-0.149284246414122
"126","NRI_P069",0.58108482241394,0.582808149517096,"Exp",-0.640359314319877,-0.802881456784826,-0.136575481585022,1,-0.730129569211196,0.20654840672098,1.44313271110951
"127","NRI_P070",1.42020599335852,1.2021886810509,"Prm",-1.45081407150594,-0.417290369077937,-0.136575481585022,1,-0.662749442731833,0.52113258362114,-0.205249225405916
"128","NRI_P071",-0.199701721673531,-0.577270643557481,"Exp",0.530297557171106,-0.908663082615919,-0.136575481585022,1,-0.553052192517331,-0.279238615449222,-0.0905309613771842
"129","NRI_P073",1.12404558008396,-0.939402368696059,"Prm",-1.09061195720102,0.562042747487347,-0.245505496683791,1,-0.722549730996833,-0.328588587886366,-0.108454264223514
"130","NRI_P074",0.774037818941304,0.907084722419487,"Prm",-0.820460371472335,-0.922312324658641,-0.136575481585022,1,0.337945649202552,-0.315198395598017,-0.191990508140015
"131","NRI_P075",0.52275019555683,0.174936896004309,"Exp",-0.19010667143873,0.394839532464006,-0.245505496683791,1,-0.315210252733718,-0.339253440114803,0.122752621994258
"132","NRI_P076",1.14648197502901,1.61718588841357,"Sec",-0.820460371472335,-0.400228816524534,-0.136575481585022,1,-0.659223291889508,3.16249367987375,5.70047700084301
"133","NRI_P077",0.63941944927105,0.646075766365094,"Sec",-0.640359314319877,-0.76193373065666,-0.136575481585022,1,-0.681959515378357,0.0633852654250409,-0.0916807178568966
"134","NRI_P078",0.32082264105145,-1.3050429582352,"Prm",-0.280157200014957,0.0809069654814062,2.54273910783674,1,-0.244235776177886,0.38458691282511,-0.160524183518941
"135","NRI_P080",0.854808840743456,1.2063739531476,"Prm",-0.640359314319877,-0.884776909041155,-0.136575481585022,1,3.0213286389121,-0.314730219211082,-0.356164613878568
"136","NRI_P081",0.720190471073202,0.957160023753079,"Prm",-0.730409842896104,-0.871127666998434,-0.136575481585022,1,0.467490008302441,-0.340033821472684,-0.254659252937296
"137","NRI_P082",0.670830402194109,1.43781104508462,"Prm",-0.640359314319877,-0.987146224361568,-0.136575481585022,1,2.2115077213858,-0.322560469839507,-0.424249113079491
"138","NRI_P083",0.733652308040227,0.856075979089209,"Prm",-0.640359314319877,-0.864303045977073,-0.136575481585022,1,1.23000770228077,-0.354034161708406,-0.397080919073856
"139","NRI_P084",0.612495775336999,0.917013540817189,"Prm",-0.460258257167415,-0.922312324658641,-0.136575481585022,1,2.04217493654405,-0.364510503995494,-0.348493912990319
"140","NRI_P085",0.738139587029236,1.0251685813816,"Prm",-0.640359314319877,-0.881364598530475,-0.136575481585022,1,2.67292979185211,-0.369359631578708,-0.288924831027386
"141","NRI_P086",0.84134700377643,1.10227651257411,"Prm",-0.730409842896104,-0.867715356487753,-0.136575481585022,1,3.03004837242688,-0.369660633953376,-0.311862651920737
"142","NRI_P087",0.738139587029236,1.35270797566949,"Prm",-0.640359314319877,-0.932549256190681,-0.136575481585022,NA,2.73306351012951,-0.334448317628741,-0.37134616525312
"143","NRI_P089",1.24071483379818,1.42051699322169,"Prm",-1.09061195720102,-0.778995283210062,-0.136575481585022,1,2.16394169716696,-0.238780693808656,-0.298607130112533
"144","NRI_P090",0.711215913095185,1.53139626544177,"Prm",-0.730409842896104,-0.980321603340208,-0.136575481585022,1,2.93899883196143,-0.235432129291318,-0.368405098137818
"145","NRI_P091",0.84134700377643,1.53963744667946,"Sec",-0.730409842896104,-0.932549256190681,-0.136575481585022,1,3.50389215312008,-0.302537689939848,-0.490134446334108
"146","NRI_P093",1.08366006918289,1.55084636631299,"Sec",-0.910510900048562,-0.802881456784826,-0.136575481585022,1,1.50431703262915,0.418365058678278,-0.357672220644842
"147","NRI_P094",1.0881473481719,1.54406622551633,"Sec",-0.910510900048562,-0.813118388316866,-0.136575481585022,1,1.73024099529896,0.168003431930922,-0.336157008622248
"148","NRI_P098",0.733652308040227,1.68768193511825,"Prm",-0.820460371472335,-0.99397084538293,-0.136575481585022,1,4.1999619227034,NA,NA
"149","NRI_P099",1.16891836997405,1.4908828315457,"Prm",-1.00056142862479,-0.796056835763464,-0.136575481585022,1,1.96571597814679,0.161118106157742,-0.313983291311582
"150","NRI_P100",0.823397887820396,1.20838457460395,"Prm",-0.640359314319877,-0.809706077806186,-0.136575481585022,NA,1.14093994989583,-0.211021879494206,-0.223992917625123
"151","NRI_P101",0.760575981974278,1.14740896494781,"Prm",-0.730409842896104,-0.91890001414796,-0.136575481585022,1,0.772846447668532,-0.358750819539973,-0.272010259532792
"152","NRI_P103",0.729165029051219,1.38433341354929,"Prm",-0.730409842896104,-0.966672361297486,-0.136575481585022,1,1.83111247826548,-0.311982992484638,-0.394110137937062
"153","NRI_P104",0.760575981974278,1.33048037604319,"Prm",-0.550308785743646,-0.874539977509114,-0.136575481585022,1,2.07111425808158,-0.285586519971645,-0.41511705143157
"154","NRI_P105",0.796474213886346,1.56266405279695,"Sec",-0.730409842896104,-0.959847740276125,-0.136575481585022,1,3.38175474878818,-0.326054383624622,-0.550316402387938
"155","NRI_P106",0.459928289710712,0.402795791845131,"Exp",-0.19010667143873,-0.99738315589361,-0.136575481585022,1,0.0908997948744273,-0.282812827716496,-0.327938031158869
"156","NRI_P107",0.504801079600796,0.507762416030415,"Prm",-0.280157200014957,-0.99738315589361,-0.136575481585022,1,-0.448791524420469,-0.321434912353015,-0.195079571563427
"157","NRI_P108",0.823397887820396,0.651865139112678,"Prm",-0.730409842896104,-0.826767630359588,-0.136575481585022,1,-0.314520384460154,-0.292156752426351,-0.233121101305472
"158","NRI_P109",0.491339242633771,0.513515262766973,"Prm",-0.19010667143873,-1.01444470844701,-0.136575481585022,1,-0.349528150943315,-0.331126154818045,-0.17870608251477
"159","NRI_P110",0.334284478018475,-0.114523286364263,"Prm",-0.640359314319877,-0.60837975767604,-0.245505496683791,1,-0.370899014104883,-0.0541649035708374,-0.184148280064752
"160","NRI_P113",1.0881473481719,1.78283219384036,"Sec",-1.00056142862479,-0.908663082615919,-0.136575481585022,1,4.51010986592126,-0.312897465657049,-0.221120649045137
"161","NRI_P114",0.881732514677506,1.69335107641287,"Sec",-0.910510900048562,-0.942786187722723,-0.136575481585022,1,4.30830267739194,-0.275686483384409,-0.366353818988312
"162","NRI_P115",0.652881286238075,1.2182465975809,"Exp",-0.460258257167415,-0.884776909041155,-0.136575481585022,1,2.0962254409488,-0.341429530044252,-0.219023793332179
"163","NRI_P118",0.751601423996261,0.86305481453722,"Prm",-0.820460371472335,-0.973496982318847,-0.136575481585022,1,-0.267366147969858,-0.34042367018183,-0.286079726905651
"164","NRI_P119",-0.401629276178911,-1.86079636185269,"Prm",-0.100056142862499,-0.328570295800245,-0.245505496683791,1,-0.145760106167985,-0.367921011438471,-0.324316674352737
"165","NRI_P120",-0.00226144615715902,-1.67590456894173,"Prm",-0.730409842896104,0.200337833355221,-0.245505496683791,1,0.434672270168074,-0.226984062782531,-0.149227527416306
"166","NRI_P122",-0.518298529893131,-1.39885223827548,"Prm",-0.19010667143873,0.466498053188295,-0.245505496683791,1,-0.35038346113314,-0.359916309205399,-0.221626606714505
"167","NRI_P123",0.868270677710481,0.0878282784435693,"Prm",-0.910510900048562,-0.662976725846927,-0.245505496683791,1,-0.338937560142592,-0.303260996260061,-0.160939769452065
"168","NRI_P124",-0.397141997189903,-0.351456189976337,"Sec",0.890499671476025,-0.618616689208082,-0.245505496683791,1,-0.138558107472681,-0.354071339340093,-0.207033313762985
"169","NRI_P125",-1.21382677318944,-2.40467035687622,"Sec",0.890499671476025,-1.76174071028603,-2.26951024654322,1,-0.5223237974593,0.364305375408547,-0.21633499616991
"170","NRI_P126",-0.280472743475683,-0.227694734709009,"Sec",0.440247028594878,-0.908663082615919,-0.245505496683791,1,-0.149755078369626,-0.35861363576495,-0.0565590496563116
"171","NRI_P129",-1.43370344365086,0.593485243581464,"Sec",0.890499671476025,4.1620303362552,0.0483289361570643,NA,-0.626958367223234,-0.0814944639189936,0.908539345986155
"172","NRI_P130",-0.98497554475001,-1.5996184729973,"Sec",1.25070178578094,-0.352456469375008,-2.26951024654322,1,-0.624943339403218,-0.337287517303214,0.00235486971943616
"173","NRI_P131",0.625957612304025,0.628341373654322,"Sec",-0.640359314319877,-0.751696799124619,-0.136575481585022,NA,-0.747188632974085,0.121029077574255,-0.0322419411505348
"174","NRI_P133",0.20415338733723,0.270056716383898,"Sec",0.080044914289959,-1.04174319253246,-0.136575481585022,1,-0.238188507474928,-0.273271519620415,-0.312436097839149
"175","NRI_P134",0.908656188611557,0.514091900424954,"Prm",-1.72096565723463,1.75293911571482,-0.245505496683791,1,-0.377252969832102,-0.384280518074415,0.139421717286929
"176","NRI_P135",0.688779518150143,-0.840160689179701,"Sec",-0.550308785743646,-0.192077875373028,-0.136575481585022,1,-0.0454922560585685,0.0201019634538702,-0.179742696205912
"177","NRI_P136",0.877245235688498,0.863710084326395,"Sec",-1.00056142862479,-0.52307199490903,-0.136575481585022,1,-0.341308840051475,0.136945512070071,-0.100973238566202
"178","NRI_P137",0.46441556869972,-1.24856292207573,"Exp",-0.370207728591188,0.0501961708852821,-0.136575481585022,1,-0.64744107572937,1.33370097621359,-0.128365787325778
"179","NRI_P138",0.679804960172126,0.977494527407347,"Prm",-0.730409842896104,-1.00762008742565,-0.136575481585022,1,-0.366604132656959,-0.0510641699132064,-0.0845861312951223
"180","NRI_P139",0.0336367857549086,-0.338266241043061,"Sec",0.080044914289959,-0.645915173293525,-0.245505496683791,1,-0.407445484544924,-0.276012554644818,-0.320438776080639
"181","NRI_P141",-0.154828931783446,-0.469346426836875,"Prm",0.440247028594878,-0.673213657378969,-0.245505496683791,1,-0.362355616665521,-0.277441916999558,-0.28725162381541
"182","NRI_P142",-1.38434337477176,-0.095152663049202,"Prm",1.34075231435717,0.957870766726278,2.54273910783674,1,-0.487582901998458,-0.35816873036074,-0.105776362255289
"183","NRI_P143",0.298386246106407,-0.63208079724213,"Sec",-0.370207728591188,0.572279679019388,-0.245505496683791,1,-0.350518103684142,-0.360871950543524,-0.130838908823313
"184","NRI_P144",-0.213163558640556,0.167898029296219,"Sec",0.530297557171106,-1.14070019734219,-0.136575481585022,1,0.165297742720705,-0.340908832351304,-0.323364458332875
"185","NRI_P145",0.886219793666515,1.2652053505059,"Exp",-0.730409842896104,-0.782407593720742,-0.136575481585022,1,0.89801143954714,-0.194845728746661,-0.243537308513876
"186","NRI_P146",1.55931164201778,1.38291042103642,"Prm",-1.36076354292971,-0.652739794314886,-0.136575481585022,1,0.163215783794173,0.0379841611842142,-0.138883045192077
"187","NRI_P147",0.724677750062211,0.483723735024086,"Prm",-0.730409842896104,-0.76193373065666,-0.136575481585022,1,-0.496234084582293,-0.00797905495550111,-0.00639151929672923
"188","NRI_P148",-0.159316210772455,0.209147056723549,"Prm",0.620348085747337,-1.13728788683151,-2.26951024654322,1,-0.569345903013398,-0.22829663345365,0.143290145603115
"189","NRI_P149",0.302873525095416,-0.711748931667256,"Sec",-0.100056142862499,-0.185253254351667,-0.245505496683791,1,-0.468708472612945,-0.236282540938068,-0.197144260567449
"190","NRI_P150",0.500313800611788,-0.418082339295019,"Sec",-0.370207728591188,-0.28762256967208,2.54273910783674,1,-0.204596931944569,-0.0948688896556268,-0.155610881714815
"191","NRI_P151",0.52275019555683,0.60098914043797,"Prm",-0.280157200014957,-0.99397084538293,-0.136575481585022,1,0.232561252336367,-0.34705845476154,-0.186156704030837
"192","NRI_P152",0.302873525095416,0.336323525088984,"Exp",-0.0100056142862685,-1.05539243457518,-0.136575481585022,1,-0.247278177768741,-0.119953690068582,0.0783046927114654
"193","NRI_P153",1.25866394975422,-0.921266189103044,"Prm",-1.18066248577725,0.756544446596132,-0.245505496683791,1,-0.124736245286931,-0.364550141102523,-0.0768966963446547
"194","NRI_P154",-1.17792854127737,0.25622756301863,"Exp",1.25070178578094,1.23085560758071,-0.245505496683791,1,-0.570111190572352,-0.39545049594022,0.297623893223636
"195","NRI_P156",1.02083816333677,-0.843106444243617,"Prm",-0.730409842896104,0.0160730657784778,-0.136575481585022,1,-0.394544862637217,-0.233442631529558,-0.214922318146959
"196","NRI_P159",2.25483988531409,-1.16498430682252,"Prm",-2.44136988584446,0.323181011739717,-0.136575481585022,1,0.171166515658396,0.271422032012436,-0.132094197748757
"197","NRI_P160",-1.53242358140904,0.228288546283776,"Prm",1.4308028429334,2.50705973857519,2.54273910783674,1,-0.700779067343631,12.8657464925596,-0.177598366142227
"198","NRI_P161",-1.37536881679375,-0.0125759760633487,"Sec",1.34075231435717,1.302514128305,2.54273910783674,1,0.194990053608663,-0.33243987033332,-0.0573279263188644
"199","NRI_P162",0.594546659380965,0.398640958090951,"Prm",-0.280157200014957,-0.864303045977073,-0.136575481585022,NA,-0.435142561024336,-0.312358890050454,-0.300270026338325
"200","NRI_P166",0.751601423996261,0.631859538490442,"Sec",-0.730409842896104,-0.796056835763464,-0.136575481585022,1,-0.532547350555467,-0.114842535914948,0.0654495689431024
"201","NRI_P167",0.738139587029236,1.35270797566949,"Prm",-0.640359314319877,-0.932549256190681,-0.136575481585022,1,2.73306351012951,-0.334448317628741,-0.37134616525312
"202","NRI_P168",0.621470333315016,1.00025479802778,"Prm",-0.640359314319877,-0.915487703637279,1.19629966805361,1,-0.398673808219109,-0.261704452904346,-0.0991895749266147
"203","NRI_P170",0.720190471073202,0.604350886436665,"Prm",-0.460258257167415,-0.908663082615919,-0.136575481585022,NA,-0.137508890855129,-0.343769864782087,-0.3171581008345
"204","NRI_P172",-1.42921616466185,-1.71870848811255,"Prm",0.800449142899795,-0.0589977654564913,0.0483289361570643,1,-0.0618693050070174,-0.290944861831271,13.6210345250386
"205","NRI_P173",-1.33049602690366,-0.156782697069545,"Sec",1.25070178578094,0.845264519873823,-0.245505496683791,1,-0.46029368423651,-0.365300468905034,-0.112924638368888
"206","NRI_P174",0.419542778809636,-2.42475120792979,"Prm",-1.36076354292971,-0.915487703637279,-0.245505496683791,1,0.224548805269867,-0.156072387817858,0.471528194313057
"207","NRI_P175",1.42020599335852,0.652797736445358,"Prm",-2.261268828692,1.4424188592429,-0.245505496683791,1,0.222672539918392,-0.210325707478215,-0.149354641358387
"208","NRI_P176",1.12404558008396,1.52168558875246,"Exp",-0.910510900048562,-0.782407593720742,-0.136575481585022,1,1.57088603631906,0.286193432117845,-0.369223838819358
"209","NRI_P177",-0.845869896090748,-1.73995191415668,"Prm",0.980550200052253,-0.751696799124619,-0.245505496683791,1,-0.681487687085553,-0.281555002026518,-0.00497018583294589
"210","NRI_P178",-0.141367094816421,0.465263725709778,"Prm",0.17009544286619,-0.482124268780865,-0.136575481585022,1,-0.268948988734335,-0.297788758577226,-0.281584852060847
"211","NRI_P179",-1.11061935644225,-0.223351352163997,"Prm",0.800449142899795,1.04317852949329,-2.26951024654322,1,-0.0218372468113624,3.37301296985074,0.866281659129029
"212","NRI_P180",-1.43370344365086,-0.0808238133072208,"Sec",1.07060072862848,1.39805882260405,-2.26951024654322,1,-0.28385158501232,2.29467875283937,0.050569903526369
"213","NRI_P181",-1.12408119340927,-0.00935458506681276,"Sec",0.890499671476025,1.6505698003944,-2.26951024654322,1,0.198078980476704,2.71824838258393,-0.210085088967269
"214","NRI_P182",-1.35741970083771,-0.329010448641644,"Prm",1.07060072862848,0.855501451405865,-2.26951024654322,1,-0.203530670067268,0.631282200491445,-0.170629106093596
"215","NRI_P183",-1.4561398385959,-0.364859206546304,"Prm",0.980550200052253,0.73607058353205,-2.26951024654322,1,-0.0989217007617017,1.97580479659579,3.48996799117745
"216","NRI_P184",-1.18690309925539,-0.346170064238122,"Prm",0.710398614323564,0.838439898852462,-2.26951024654322,1,0.698183441584186,1.92033872179803,1.87883221244335
"217","NRI_P186",0.693266797139151,-0.78805616551865,"Prm",-0.640359314319877,0.125267002120252,-0.245505496683791,NA,-0.164272357949641,-0.200558519454421,0.246430587939493
"218","NRI_P187",0.00671311182085789,0.433007537647616,"Prm",0.260145971442417,-0.809706077806186,-0.136575481585022,1,-0.601740635797112,-0.349850923297082,-0.193797287420082
"219","NRI_P188",0.688779518150143,0.762637877133932,"Sec",-0.730409842896104,-0.850653803934351,-0.136575481585022,1,-0.602096596136202,-0.0606081536119389,-0.214115430786628
"220","OLAM_P001",-1.33049602690366,0.272047891544163,"Prm",1.34075231435717,1.32640030187976,-0.245505496683791,1,-0.618908175435619,-0.381121951885226,0.209482201388872
"221","OLAM_P002",-1.35741970083771,0.197869650819345,"Sec",1.07060072862848,1.28886488626228,-0.245505496683791,0,-0.538047396834023,-0.386356542543778,0.101031739622653
"222","OLAM_P003",-1.40677976971681,0.193433262396841,"Sec",1.34075231435717,1.42194499617882,-0.245505496683791,0,-0.614159606542075,-0.332665879810823,0.207643373439102
"223","OLAM_P004",-1.24075044712349,0.0938694440091172,"Sec",1.25070178578094,1.28204026524092,-0.245505496683791,1,-0.0645917952948247,-0.246943877228746,0.126963844261511
"224","OLAM_P005",-1.33049602690366,0.00801048934168502,"Sec",1.34075231435717,1.11824936072826,-0.245505496683791,1,-0.560977780627092,-0.287236200436884,0.128713117507978
"225","OLAM_P006",-1.29011051600259,-0.0236834348087941,"Sec",1.25070178578094,0.98516925081172,-0.245505496683791,0,-0.543711591291116,-0.263074037177602,0.132397459007733
"226","OLAM_P007",-1.36190697982672,0.0450843905328336,"Sec",1.4308028429334,0.991993871833082,-0.245505496683791,0,-0.532418824083679,-0.359470735745287,-0.053470818474729
"227","OLAM_P008",-1.29459779499159,-0.052660736889232,"Exp",1.34075231435717,0.855501451405865,-0.245505496683791,0,-0.615457951859824,-0.292900386015417,0.0507299367836958
"228","OLAM_P009",-1.41126704870581,-0.291145150544938,"Sec",1.34075231435717,0.606402784126193,-0.245505496683791,1,-0.554552114800808,0.0505703677821915,0.132254860614596
"229","OLAM_P010",-1.35741970083771,-0.41970149018436,"Prm",1.16065125720471,0.565455057998028,2.54273910783674,NA,-0.46051468027279,0.44149374675246,0.110349589967415
"230","OLAM_P011",-1.33947058488168,-0.477595217660193,"Prm",1.16065125720471,0.58251661055143,0.0483289361570643,1,-0.216847488005593,0.636584416010179,0.0536640386536399
"231","OLAM_P012",-1.15997942532134,-0.58533173101493,"Exp",1.07060072862848,0.637113578722317,2.54273910783674,1,-0.10657320629657,0.25166753654156,-0.055612050333301
"232","OLAM_P013",-1.35741970083771,-0.0147117333505912,"Sec",1.34075231435717,0.886212246001988,-0.245505496683791,1,-0.580501077032929,-0.341117818918336,0.0360074168717113
"233","OLAM_P014",-1.35741970083771,-0.0538173939050478,"Sec",1.34075231435717,0.933984593151514,-0.245505496683791,0,-0.582429414101502,-0.258922146830389,0.0680505446273791
"234","OLAM_P015",-1.36639425881573,0.0147525822101903,"Sec",1.4308028429334,0.896449177534029,-0.245505496683791,1,-0.573801297660076,-0.351036263231226,0.0431065431010491
"235","OLAM_P016",-1.28113595802457,0.086838186886658,"Prm",1.25070178578094,1.16943401838846,-0.245505496683791,1,-0.468677186941018,-0.315390346845651,0.0295875743701203
"236","OLAM_P017",-1.50549990747499,0.23093330038329,"Prm",1.52085337150963,1.49701582741379,-0.245505496683791,0,-0.620830643342825,-0.357113882694444,0.219441317497695
"237","OLAM_P018",-1.34395786387069,0.123828382635873,"Sec",1.25070178578094,1.21038174451663,-0.245505496683791,1,-0.586734650128346,-0.367093196934865,-0.0329870363929326
"238","OLAM_P019",-1.43370344365086,0.212944239953102,"Prm",1.52085337150963,1.52772662200991,-0.245505496683791,0,-0.625639356724006,-0.303951345396222,0.166869123162453
"239","OLAM_P020",-1.40677976971681,-0.262677690701734,"Prm",1.34075231435717,0.637113578722317,-0.245505496683791,1,-0.47558650522515,0.0206073844438498,0.186918028142769
"240","OLAM_P021",-1.35741970083771,-0.0682375586745935,"Sec",1.34075231435717,0.954458456215596,-0.245505496683791,0,-0.617188850645735,-0.364439646745518,-0.0160395875144454
"241","OLAM_P022",-1.22728861015647,0.0854608518875616,"Sec",1.25070178578094,1.39464651209337,2.54273910783674,1,0.301276681101675,-0.256418405325928,0.201984169728026
"242","OLAM_P023",-1.33049602690366,-0.495531010990968,"Sec",1.16065125720471,0.626876647190275,0.0483289361570643,1,-0.464878566845887,0.315655668548432,-0.0231888145400514
"243","OLAM_P024",-1.42921616466185,0.208705700756987,"Prm",1.61090390008586,1.36052340698657,-0.245505496683791,1,-0.613309784271092,-0.375823840536078,0.20165684935948
"244","OLAM_P025",-1.36639425881573,-0.413568164166284,"Prm",1.16065125720471,0.517682710848502,0.0483289361570643,NA,-0.427325836991364,0.34974146873292,0.0809457457576093
"245","OLAM_P026",-1.50549990747499,0.280760867090934,"Prm",1.61090390008586,1.70175445805461,0.0483289361570643,0,-0.596475310000545,-0.318931689018521,0.221001168479186
"246","OLAM_P028",-1.29011051600259,-0.437089393349749,"Sec",1.16065125720471,0.599578163104832,2.54273910783674,NA,-0.63299799362204,0.909166829306357,0.160804788922136
"247","OLAM_P029",-1.39780521173879,-0.13925782136281,"Sec",1.34075231435717,0.811141414767019,-0.245505496683791,0,-0.711920875116594,-0.291690586833406,-0.0440431674662136
"248","OLAM_P031",-1.46960167556292,0.161442564406777,"Exp",1.4308028429334,1.22061867604867,-0.245505496683791,1,-0.660156526420148,-0.37174705363607,0.0064592657819299
"249","OLAM_P032",-1.37088153780474,-0.52499532655175,"Prm",1.25070178578094,0.58251661055143,0.0483289361570643,1,-0.362381602187964,0.555053833796754,0.0541650544532874
"250","OLAM_P033",-1.29459779499159,-0.0333095606312085,"Sec",1.25070178578094,1.0227046664292,-0.245505496683791,0,-0.651322109518496,-0.344322561921333,0.089564920125181
"251","OLAM_P035",-1.33947058488168,0.100193009667952,"Sec",1.34075231435717,1.09095087664281,-0.245505496683791,0,-0.662694633186907,-0.364636586491156,0.0150231652986563
"252","OLAM_P036",-1.33498330589267,0.0451072192897247,"Sec",1.34075231435717,1.10801242919622,-0.245505496683791,1,-0.532617733150265,-0.255864514195653,0.146304400364263
